     100       2       1       4       3       5       6       7       8      10       9      11      12      14      13      15      16      18      17      20      19
     200       2       4       1       5       3       7       6      10       8      11       9      14      12      15      13      18      16      17      20      19
     300       4       2       5       1       7       3      10       6      11       8      14       9      15      12      18      13      17      16      19      20
     400       4       5       2       7       1       3      10      11       6      14       8      15       9      18      12      17      13      16      19      20
     500       4       5       7       2       3       1      10      11      14       6      15       8      18       9      17      12      16      13      19      20
     600       4       7       5       2       3       1      10      14      11      15       6      18       8       9      17      16      12      19      13      20
     700       7       4       2       5       3       1      14      10      15      11      18       6       9       8      16      17      19      12      13      20
     800       7       4       2       3       5      14       1      15      10      18      11       6       9       8      16      19      17      13      12      20
     900       7       4       2       3      14       5       1      15      18      10       6      11       9       8      19      16      13      17      20      12
    1000       7       2       4      14       3       1       5      18      15       6      10       9      11      19       8      13      16      17      20      12
    1100       2       7      14       4       3       1      18       5       6      15      10       9      19      11       8      13      17      16      12      20
    1200       2       7      14       3       4      18       1       6       5      10      15      19       9       8      11      13      17      12      16      20
    1300       2       7       3      14      18       4       6       1      10       5      19      15       8       9      13      11      12      17      20      16
    1400       2       3       7      18      14       6       4      10       1      19       5       8      15      13       9      12      11      20      17      16
    1500       2       3      18       7       6      14      10       4      19       1       8       5      13      15      12       9      20      11      16      17
    1600       2      18       3       6       7      10      14      19       4       8       1      13       5      12      15      20       9      16      11      17
    1700      18       2       3       6      10       7      19      14       8       4      13       1      12       5      15      20      16       9      11      17
    1800      18       2       3      10       6      19       7       8      14      13       4      12       1      15       5      16      20       9      11      17
    1900      18       2      10       3      19       6       8       7      13      14      12       4      15       1      16       5      20       9      11      17
    2000      18      10       2      19       3       8       6      13       7      12      14      15       4      16       1      20       5       9      11      17
    2100      18      10      19       2       8       3      13       6      12       7      15      14      16       4      20       1       9       5      11      17
    2200      18      10      19       8       2      13       3      12       6      15       7      16      14      20       4       9       1      11       5      17
    2300      18      10       8      19      13       2      12       3      15       6      16       7      20      14       9       4      11       1      17       5
    2400      18       8      10      13      19      12       2      15       3      16       6      20       7       9      14      11       4      17       1       5
    2500      18       8      13      10      12      19      15       2      16       3      20       6       9       7      11      14      17       4       1       5
    2600      18      13       8      12      10      15      19      16       2      20       3       9       6      11       7      17      14       1       4       5
    2700      18      13      12       8      15      10      16      19      20       2       9       3      11       6       7      17       1      14       5       4
    2800      18      12      13      15       8      16      10      20      19       9       2      11       3       7       6       1      17      14       5       4
    2900      12      18      15      13      16       8      20      10       9      19      11       2       7       3       1       6      14      17       5       4
    3000      12      18      15      16      13      20       8       9      10      11      19       7       2       1       3      14       6      17       5       4
    3100      12      18      16      15      20      13       9       8      11      10       7      19       1       2      14       3      17       6       5       4
    3200      12      16      18      20      15       9      13      11       8       7      10       1      19      14       2      17       3       5       6       4
    3300      12      16      20      18      15       9      11      13       7       8       1      10      14      19      17       2       5       3       6       4
    3400      12      20      16      15      18       9      11       7      13       1       8      14      10      17      19       5       2       6       3       4
    3500      12      20      16      15       9      18       7      11       1      13      14       8      17      10       5      19       6       2       4       3
    3600      12      16      20      15       9       7      18       1      11      14      13      17       8       5      10       6      19       4       2       3
    3700      12      16      20      15       7       9       1      18      14      11      17      13       5       8       6      10      19       4       3       2
    3800      12      16      20       7      15       1       9      14      18      17      11      13       5       6       8      10      19       3       4       2
    3900      12      16      20       7       1      15      14       9      17      18      13      11       5       6      10       8      19       3       2       4
    4000      12      16      20       1       7      14      15      17       9      13      18       5      11       6      10      19       8       3       2       4
    4100      12      16       1      20      14       7      17      15      13       9       5      18      11       6      19      10       3       8       4       2
    4200      12       1      16      14      20      17       7      13      15       5       9      11      18       6      19       3      10       4       8       2
    4300      12       1      16      14      17      20      13       7       5      15      11       9       6      18      19       3      10       4       8       2
    4400      12       1      16      17      14      13      20       5       7      11      15       6       9      19      18       3      10       8       4       2
    4500      12       1      17      16      13      14       5      20      11       7       6      15      19       9       3      18       8      10       4       2
    4600      12       1      17      13      16       5      14      11      20       6       7      19      15       9       3      18       8       4      10       2
    4700      12       1      13      17       5      16      11      14       6      20      19       7       9      15       3      18       4       8      10       2
    4800      12      13       1      17       5      11      16       6      14      20      19       9       7      15       3      18       4      10       8       2
    4900      12      13       1      17      11       5       6      16      20      14       9      19      15       7       3      18      10       4       2       8
    5000      12      13       1      17      11       6       5      20      16       9      14      15      19       7       3      18      10       4       2       8
    5100      12      13       1      17      11       6      20       5       9      16      15      14       7      19      18       3       4      10       8       2
    5200      12      13       1      11      17       6      20       9       5      15      16       7      14      19      18       3       4       8      10       2
    5300      12      13      11       1       6      17       9      20      15       5       7      16      19      14       3      18       4       8      10       2
    5400      12      13      11       1       6       9      17      15      20       7       5      16      19       3      14      18       4      10       8       2
    5500      12      13       1      11       9       6      17      15       7      20      16       5      19       3      18      14      10       4       8       2
    5600      12      13       1      11       9      17       6       7      15      20      16      19       5       3      18      14      10       8       4       2
    5700      12      13       1      11      17       9       6       7      15      20      19      16       5       3      14      18       8      10       2       4
    5800      12      13       1      17      11       9       6       7      15      19      20      16       5      14       3       8      18      10       2       4
    5900      12      13       1      17       9      11       7       6      19      15      16      20       5      14       3       8      10      18       4       2
    6000      12      13       1      17       9       7      11      19       6      16      15       5      20       3      14      10       8      18       4       2
    6100      12      13       1      17       7       9      19      11       6      16      15       5      20       3      14      10      18       8       2       4
    6200      12       1      13      17       7       9      19       6      11      15      16       5      20       3      14      18      10       2       8       4
    6300      12       1      13      17       9       7       6      19      15      11      16       5      20       3      18      14      10       2       8       4
    6400      12      13       1       9      17       7       6      15      19      16      11      20       5      18       3      10      14       8       2       4
    6500      12      13       1       9       7      17      15       6      19      16      20      11      18       5       3      10       8      14       4       2
    6600      12      13       1       7       9      15      17      19       6      20      16      11      18       3       5      10       8      14       4       2
    6700      12      13       1       7       9      15      17      19       6      20      16      11       3      18      10       5       8      14       2       4
    6800      12       1      13       7       9      17      15      19       6      20      16       3      11      10      18       8       5       2      14       4
    6900      12       1      13       7      17       9      19      15       6      20      16       3      11      10       8      18       5       2       4      14
    7000      12       1      13      17       7       9      19       6      15      16      20      11       3       8      10       5      18       2       4      14
    7100      12       1      17      13       9       7       6      19      16      15      11      20       8       3       5      10      18       2      14       4
    7200      12       1      17      13       9       6       7      19      16      11      15       8      20       5       3      10      18      14       2       4
    7300      12       1      17      13       6       9      19       7      11      16       8      15       5      20      10       3      14      18       4       2
    7400      12       1      17      13       6       9      19      11       7       8      16       5      15      10      20      14       3      18       4       2
    7500      12       1      17      13       6       9      11      19       8       7      16       5      10      15      20      14       3      18       2       4
    7600      12       1      17       6      13      11       9      19       8      16       7       5      10      20      15       3      14      18       2       4
    7700      12       1      17       6      11      13      19       9      16       8       5       7      20      10      15       3      18      14       4       2
    7800      12       1      17      11       6      13      19       9      16       8       5       7      20      15      10      18       3      14       4       2
    7900      12       1      17      11      13       6      19       9      16       8       7       5      15      20      10      18       3      14       2       4
    8000      12       1      17      13      11       6      19      16       9       7       8      15       5      20      10       3      18       2      14       4
    8100      12       1      13      17       6      11      19      16       7       9      15       8      20       5       3      10      18       2      14       4
    8200      12       1      13      17       6      11      19       7      16      15       9      20       8       3       5      18      10      14       2       4
    8300      12       1      17      13       6      11       7      19      15      16      20       9       3       8       5      18      10      14       4       2
    8400      12       1      17      13       6       7      11      15      19      20      16       9       3       5       8      10      18       4      14       2
    8500      12       1      17      13       6       7      11      15      19      20       9      16       5       3      10       8      18       4      14       2
    8600      12      17       1      13       6       7      11      19      15       9      20       5      16      10       3      18       8      14       4       2
    8700      12      17       1      13       7       6      19      11       9      15       5      20      10      16      18       3       8      14       2       4
    8800      12       1      17      13       7       6      19       9      11       5      15      10      20      16      18       8       3       2      14       4
    8900      12       1      13      17       7       6      19       9       5      11      10      15      16      20       8      18       3       2      14       4
    9000      12       1      13      17       7      19       6       5       9      11      10      15      16      20       8       3      18      14       2       4
    9100      12       1      17      13       7      19       5       6      11       9      15      10      20      16       3       8      14      18       4       2
    9200      12       1      17      13       7      19       5      11       6      15       9      20      10      16       3       8      14      18       4       2
    9300      12       1      17      13       7      19       5      11       6      15      20       9      16      10       8       3      18      14       2       4
    9400      12       1      17      13       7       5      19       6      11      20      15      16       9       8      10       3      18       2      14       4
    9500      12       1      17      13       7       5       6      19      20      11      16      15       9       8       3      10       2      18      14       4
    9600      12       1      17      13       7       6       5      19      20      11      16       9      15       8       3      10       2      14      18       4
    9700      12       1      13      17       7       6      19       5      11      20       9      16       8      15      10       3      14       2      18       4
    9800      12      13       1      17       7      19       6      11       5       9      20      16       8      15      10       3      14      18       2       4
    9900      12      13       1      17      19       7       6      11       5       9      16      20      15       8       3      10      14      18       4       2
   10000      12       1      13      17      19       6       7       5      11      16       9      20      15       8       3      10      14      18       4       2
   10100      12       1      13      17      19       6       5       7      11      16       9      20       8      15      10       3      14      18       2       4
   10200      12      13       1      17      19       6       5       7      11       9      16       8      20      10      15      14       3       2      18       4
   10300      12      13      17       1      19       6       7       5       9      11       8      16      20      10      15      14       3       2      18       4
   10400      12      13      17       1      19       6       7       9       5       8      11      20      16      15      10       3      14      18       2       4
   10500      12      13      17       1      19       6       9       7       8       5      20      11      16      15      10       3      14      18       4       2
   10600      12      13      17      19       1       6       9       8       7      20       5      16      11      10      15      14       3      18       4       2
   10700      12      13      17      19       1       6       8       9      20       7      16       5      10      11      14      15      18       3       2       4
   10800      12      13      17       1      19       8       6      20       9       7      16      10       5      14      11      15      18       3       2       4
   10900      12      13      17       1      19       8      20       6       7       9      16      10       5      14      15      11      18       3       4       2
   11000      12      17      13      19       1      20       8       6       7      16       9       5      10      15      14      11      18       4       3       2
   11100      12      17      13      19       1      20       6       8      16       7       9       5      15      10      14      11       4      18       3       2
   11200      12      13      17       1      19       6      20      16       8       9       7      15       5      10      14      11       4       3      18       2
   11300      12      13       1      17       6      19      16      20       8       9      15       7       5      10      14      11       3       4       2      18
   11400      12      13       1      17       6      19      16       8      20       9      15       5       7      14      10       3      11       2       4      18
   11500      12      13       1      17       6      19      16       8       9      20       5      15      14       7      10       3       2      11      18       4
   11600      12       1      13       6      17      19      16       9       8       5      20      14      15      10       7       3       2      18      11       4
   11700      12       1      13       6      19      17       9      16       5       8      20      14      10      15       3       7      18       2       4      11
   11800      12       1      13      19       6       9      17       5      16      20       8      10      14      15       3      18       7       2       4      11
   11900      12       1      13      19       6       9      17       5      20      16      10       8      15      14      18       3       2       7       4      11
   12000      12       1      13      19       6      17       9      20       5      10      16      15       8      18      14       3       2       7       4      11
   12100      12       1      13      19       6      17      20       9      10       5      16      15      18       8      14       3       7       2      11       4
   12200      12       1      13      19       6      20      17      10       9      16       5      15      18       8      14       3       7       2      11       4
   12300      12       1      13      19       6      20      10      17      16       9       5      15       8      18       3      14       2       7       4      11
   12400      12       1      13      19       6      20      10      17      16       9       5      15       8      18       3      14       2       4       7      11
   12500      12       1      19      13       6      20      10      17       9      16      15       5      18       8       3      14       4       2       7      11
   12600      12      19       1      13       6      20      10       9      17      16      15      18       5       3       8       4      14       7       2      11
   12700      12      19       1      13       6      20       9      10      16      17      15      18       3       5       4       8      14       7      11       2
   12800      12      19       1       6      13       9      20      16      10      17      15       3      18       4       5      14       8       7      11       2
   12900      12      19       6       1      13       9      16      20      17      10       3      15       4      18      14       5       7       8       2      11
   13000      12       6      19      13       1      16       9      20      17       3      10       4      15      18      14       5       7       8       2      11
   13100      12       6      13      19       1      16       9      20       3      17       4      10      18      15       5      14       8       7      11       2
   13200      12      13       6       1      19       9      16      20       3       4      17      18      10       5      15       8      14      11       7       2
   13300      12      13       1       6      19       9      20      16       4       3      18      17       5      10      15       8      14      11       2       7
   13400      12      13       1      19       6      20       9      16       4      18       3       5      17      10      15       8      14       2      11       7
   13500      12      13      19       1      20       6      16       9      18       4       5       3      10      17       8      15      14       2       7      11
   13600      12      13      19      20       1      16       6      18       9       5       4       3      10       8      17      15      14       2       7      11
   13700      12      13      19      20       1      16       6      18       5       9       3       4       8      10      15      17      14       2      11       7
   13800      12      13      19       1      20       6      16       5      18       9       3       8       4      15      10      14      17      11       2       7
   13900      12      13      19       1      20       6       5      16       9      18       8       3       4      15      10      14      11      17       2       7
   14000      12      19      13      20       1       5       6       9      16       8      18       3       4      10      15      14      11       2      17       7
   14100      12      19      13      20       5       1       9       6      16       8       3      18      10       4      14      15       2      11       7      17
   14200      12      19      13      20       5       9       1       6      16       3       8      10      18       4      14      15       2       7      11      17
   14300      12      19      13      20       5       9       6       1      16       3       8      10       4      18      15      14       7       2      11      17
   14400      12      13      19       5      20       6       9       1      16       8       3       4      10      15      18      14       7      11       2      17
   14500      12      13      19       5       6      20       9       1      16       8       3       4      10      15      18      14       7      11       2      17
   14600      12      19      13       6       5       9      20      16       1       3       8      10       4      15      18      14       7       2      11      17
   14700      12      19      13       6       9       5      20      16       3       1      10       8      15       4      14      18       2       7      11      17
   14800      12      19      13       6       9      20       5       3      16       1      10      15       8      14       4       2      18      11       7      17
   14900      12      19      13       6      20       9       3       5       1      16      15      10      14       8       2       4      11      18       7      17
   15000      12      13      19      20       6       9       3       5       1      15      16      10      14       8       2      11       4      18       7      17
   15100      12      13      19      20       9       6       5       3      15       1      10      16       8      14      11       2      18       4       7      17
   15200      12      13      19       9      20       6       5      15       3      10       1      16       8      14      11      18       2       4       7      17
   15300      12      13       9      19       6      20      15       5       3      10      16       1      14       8      18      11       4       2       7      17
   15400      12      13       9      19       6      15      20       5       3      16      10       1      14      18       8       4      11       7       2      17
   15500      12      13      19       9      15       6       5      20      16       3       1      10      18      14       4       8      11       7       2      17
   15600      12      19      13      15       9       6       5      16      20       1       3      18      10       4      14      11       8       2       7      17
   15700      12      19      13      15       6       9       5      16      20       1      18       3       4      10      11      14       8       2       7      17
   15800      12      13      19       6      15       9       5      16      20      18       1       3       4      11      10       8      14       2       7      17
   15900      12      13      19       6       9      15       5      16      20      18       1       3      11       4       8      10       2      14       7      17
   16000      12      13      19       9       6       5      15      20      16      18       1      11       3       8       4      10       2      14       7      17
   16100      12      13      19       9       5       6      20      15      16      18      11       1       8       3       4      10      14       2       7      17
   16200      12      13      19       9       5       6      20      16      15      18      11       8       1       4       3      14      10       2       7      17
   16300      12      13      19       9       6       5      16      20      18      15       8      11       4       1      14       3       2      10       7      17
   16400      12      13      19       6       9       5      16      18      20      15       8       4      11      14       1       3       2       7      10      17
   16500      12      13      19       6       5       9      18      16      15      20       4       8      11      14       3       1       2       7      10      17
   16600      12      13      19       6       5       9      18      15      16      20       4      11       8       3      14       2       1      10       7      17
   16700      12      13      19       6       5       9      15      18      20      16      11       4       8       3       2      14      10       1       7      17
   16800      12      13      19       6       5      15       9      20      18      11      16       4       8       2       3      10      14       7       1      17
   16900      12      13       6      19       5      15      20       9      18      11       4      16       8       2      10       3       7      14       1      17
   17000      12       6      13      19       5      20      15      18       9      11       4       8      16      10       2       7       3      14       1      17
   17100      12       6      19      13       5      20      15      18       9      11       4       8      10      16       7       2      14       3       1      17
   17200      12      19       6      13       5      15      20       9      18       4      11      10       8       7      16      14       2       3       1      17
   17300      12      19      13       6       5      15      20       9       4      18      11      10       7       8      14      16       3       2       1      17
   17400      12      13      19       6       5      15      20       4       9      18      11       7      10      14       8       3      16       2       1      17
   17500      12      13      19       6      15       5       4      20      18       9       7      11      10      14       3       8      16       2       1      17
   17600      12      13      19       6      15       4       5      20      18       9       7      11      10       3      14       8      16       2       1      17
   17700      12      13       6      19       4      15      20       5       9      18      11       7      10       3       8      14      16       2       1      17
   17800      12      13       6      19       4      20      15       5       9      11      18      10       7       8       3      16      14       2       1      17
   17900      12      13       6      19      20       4       5      15      11       9      10      18       7       8      16       3      14       2       1      17
   18000      12      13       6      20      19       4       5      11      15       9      10       7      18      16       8      14       3       2       1      17
   18100      12      13       6      20      19       4       5      11      15       9      10       7      16      18      14       8       2       3       1      17
   18200      12      13       6      20      19       5       4      15      11      10       9      16       7      14      18       8       2       3       1      17
   18300      12      13       6      20      19       5      15       4      10      11      16       9      14       7       8      18       3       2       1      17
   18400      12      13       6      19      20       5      15       4      10      16      11       9      14       8       7       3      18       2       1      17
   18500      12      13       6      19       5      20       4      15      16      10       9      11       8      14       7       3       2      18       1      17
   18600      12      13       6      19       5      20       4      15      16       9      10       8      11      14       7       2       3      18       1      17
   18700      12      13       6      19       5      20       4      15       9      16       8      10      11      14       2       7      18       3       1      17
   18800      12      13       6       5      19      20       4       9      15       8      16      11      10       2      14      18       7       3       1      17
   18900      12      13       6       5      20      19       9       4       8      15      11      16      10       2      14      18       3       7       1      17
   19000      12      13       6      20       5       9      19       8       4      11      15      10      16      14       2       3      18       1       7      17
   19100      12      13       6      20       9       5      19       8      11       4      10      15      16      14       3       2      18       1       7      17
   19200      12      13       6      20       9       5      19      11       8       4      10      15      16       3      14       2      18       7       1      17
   19300      12      13      20       6       5       9      19      11       8       4      15      10       3      16       2      14       7      18       1      17
   19400      12      13      20       5       6      19       9       8      11       4      15      10       3       2      16       7      14      18       1      17
   19500      12      13       5      20      19       6       8       9       4      11      10      15       2       3      16       7      18      14       1      17
   19600      12      13       5      20      19       6       8       4       9      10      11       2      15      16       3      18       7       1      14      17
   19700      12      13      20       5       6      19       4       8      10       9       2      11      16      15       3      18       1       7      14      17
   19800      12      13      20       6       5       4      19       8      10       9       2      16      11       3      15      18       1       7      14      17
   19900      12      13      20       6       5       4       8      19       9      10      16       2       3      11      15      18       7       1      14      17
   20000      12      13      20       6       5       4       8      19       9      16      10       3       2      15      11       7      18      14       1      17
   20100      12      13      20       6       5       4      19       8      16       9       3      10      15       2      11       7      14      18       1      17
   20200      12      13      20       5       6      19       4      16       8       9       3      15      10       2      11      14       7      18       1      17
   20300      12      13      20       5      19       6       4      16       9       8       3      15       2      10      11      14      18       7       1      17
   20400      12      13      20      19       5       4       6      16       9       3       8       2      15      11      10      18      14       7       1      17
   20500      12      13      20      19       5       4      16       6       3       9       2       8      15      11      18      10       7      14       1      17
   20600      12      13      20      19       5      16       4       6       3       2       9      15       8      18      11       7      10      14       1      17
   20700      13      12      19      20       5      16       6       4       2       3      15       9      18       8      11       7      10      14       1      17
   20800      13      12      19      20       5       6      16       2       4      15       3       9      18       8      11      10       7      14       1      17
   20900      13      12      20      19       6       5      16       2      15       4       9       3       8      18      10      11       7      14       1      17
   21000      13      12      20      19       6       5      16       2      15       9       4       8       3      10      18       7      11      14       1      17
   21100      13      12      19      20       6       5      16       2       9      15       4       8       3      10       7      18      11      14       1      17
   21200      13      12      19      20       6       5      16       9       2       4      15       8       3       7      10      18      11      14       1      17
   21300      13      12      19      20       5       6      16       9       4       2      15       8       3       7      10      18      11      14       1      17
   21400      13      12      19      20       5       6      16       4       9      15       2       3       8      10       7      11      18      14       1      17
   21500      13      12      20      19       6       5      16       4      15       9       3       2      10       8      11       7      18      14       1      17
   21600      13      12      20       6      19      16       5      15       4       3       9      10       2       8      11      18       7      14       1      17
   21700      13      12      20       6      19      16       5      15       3       4      10       9       8       2      18      11      14       7       1      17
   21800      13      12      20      19       6       5      16       3      15      10       4       9       8      18       2      11      14       7       1      17
   21900      13      12      20      19       5       6      16       3      10      15       9       4       8      18      11       2      14       7       1      17
   22000      13      12      20       5      19       6      16      10       3       9      15       8       4      11      18       2      14       7       1      17
   22100      13      12      20       5      19       6      16      10       9       3       8      15       4      11      18       2       7      14      17       1
   22200      13      12      20      19       5      16       6       9      10       3       8       4      15      18      11       2       7      14      17       1
   22300      13      12      19      20       5      16       6       9      10       3       4       8      18      15       2      11      14       7       1      17
   22400      13      12      19       5      20       6      16       9      10       4       3       8      18       2      15      14      11       7       1      17
   22500      13      12      19       5      20       6      16       9       4      10       8       3       2      18      15      14      11       7      17       1
   22600      13      12      19       5      20       6      16       9       4       8      10       2       3      15      18      11      14       7      17       1
   22700      13      12       5      19      20       6      16       9       8       4      10       2      15       3      18      11      14       7       1      17
   22800      13      12       5      20      19      16       6       9       8      10       4      15       2       3      18      11      14       7       1      17
   22900      13      12      20       5      19      16       6       9      10       8       4      15       3       2      11      18      14       7      17       1
   23000      13      12      20       5      19       6      16      10       9       4       8      15       3       2      11      18      14      17       7       1
   23100      13      12      20       5       6      19      10      16       9       4      15       8       2       3      18      11      14      17       7       1
   23200      13      12      20       6       5      19      10      16       9      15       4       2       8       3      18      11      14       7      17       1
   23300      13      12      20       6      19       5      16      10      15       9       4       2       3       8      18      11       7      14       1      17
   23400      13      20      12       6      19       5      16      15      10       9       4       3       2       8      18      11       7      14       1      17
   23500      13      20      12       6       5      19      15      16       9      10       4       3       8       2      11      18       7      14       1      17
   23600      13      12      20       5       6      19      15       9      16       4      10       8       3       2      11      18       7      14       1      17
   23700      13      12      20       5      19       6       9      15      16       4      10       8       2       3      18      11       7      14       1      17
   23800      13      12      20      19       5       9       6      16      15       4      10       2       8      18       3       7      11      14       1      17
   23900      13      12      20      19       5       9       6      16       4      15      10       2       8      18       3       7      11      14       1      17
   24000      13      12      20      19       5       6       9      16       4      10      15       8       2       3      18      11       7       1      14      17
   24100      13      12      20      19       5       6      16       9      10       4      15       8       3       2      18      11       7       1      14      17
   24200      13      12      20      19       5      16       6       9      10      15       4       8       3      18       2       7      11      14       1      17
   24300      13      12      19      20       5      16       6       9      15      10       8       4      18       3       2       7      11      14      17       1
   24400      13      12      19      20       5       6      16      15       9       8      10      18       4       2       3      11       7      14      17       1
   24500      13      12      19      20       5       6      16      15       8       9      10      18       4       2      11       3       7      14       1      17
   24600      13      12      19      20       5      16       6       8      15      10       9       4      18      11       2       3       7       1      14      17
   24700      13      12      19      20       5      16       6       8      10      15       9       4      18      11       3       2       1       7      14      17
   24800      13      12      19       5      20      16       6      10       8       9      15      18       4      11       3       2       1       7      14      17
   24900      13      12      19       5      20      16      10       6       9       8      18      15       4      11       2       3       7       1      14      17
   25000      13      12      19      20       5      10      16       9       6      18       8       4      15       2      11       3       7      14       1      17
   25100      13      12      19      20       5      10       9      16       6      18       4       8       2      15       3      11       7      14      17       1
   25200      13      12      19       5      20      10       9       6      16      18       4       2       8       3      15       7      11      14      17       1
   25300      13      12      19       5      20      10       6       9      16      18       4       2       3       8      15       7      11      14       1      17
   25400      13      12      19       5      20       6      10      16       9       4      18       3       2      15       8      11       7       1      14      17
   25500      13      12      19       5       6      20      16      10       4       9       3      18      15       2      11       8       7       1      14      17
   25600      13      12      19       6       5      20      16       4      10       9       3      15      18       2      11       8       7      14       1      17
   25700      13      12      19       6       5      20      16       4       9      10      15       3       2      18       8      11       7      14       1      17
   25800      13      19      12       5       6      16      20       9       4      15      10       2       3      18       8      11       7      14       1      17
   25900      13      19       5      12       6      16      20       9       4      15      10       2      18       3      11       8       7      14       1      17
   26000      13      19       5      12       6      20      16       4       9      15      10      18       2      11       3       8       7      14       1      17
   26100      13      19      12       5       6      20      16       4       9      15      18      10      11       2       8       3       7      14      17       1
   26200      13      12      19       6       5      16      20       9       4      18      15      10      11       2       8       3       7      14      17       1
   26300      13      12      19       6       5      16      20       9      18       4      10      15       2      11       3       8       7      14       1      17
   26400      13      19      12       5       6      20      16      18       9      10       4      15       2       3      11       8       7       1      14      17
   26500      13      19      12       5       6      20      18      16      10       9      15       4       3       2       8      11       7       1      14      17
   26600      13      12      19       6       5      18      20      16      10      15       9       3       4       8       2       7      11      14       1      17
   26700      13      12      19       6       5      18      16      20      10      15       3       9       8       4       7       2      11      14       1      17
   26800      13      19      12       5       6      16      18      10      20      15       3       9       8       4       7      11       2      14       1      17
   26900      13      19      12       5      16       6      10      18      15      20       9       3       4       8      11       7       2      14       1      17
   27000      13      12      19       5      16      10       6      15      18       9      20       4       3       8      11       2       7      14       1      17
   27100      13      12       5      19      10      16      15       6       9      18       4      20       8       3       2      11       7      14       1      17
   27200      13      12       5      19      10      15      16       6       9       4      18       8      20       2       3       7      11       1      14      17
   27300      13      12      19       5      15      10       6      16       9       4      18       8       2      20       3       7      11       1      14      17
   27400      13      12      19       5      15       6      10      16       9      18       4       2       8       3      20      11       7      14       1      17
   27500      13      12      19       5       6      15      16      10       9      18       2       4       3       8      20      11       7      14       1      17
   27600      13      12      19       6       5      16      15      10       9       2      18       4       3      20       8       7      11      14       1      17
   27700      13      12       6      19       5      16      10      15       9       2       4      18      20       3       8       7      11      14       1      17
   27800      13      12       6      19       5      10      16       9      15       4       2      20      18       8       3       7      11      14       1      17
   27900      13      12      19       6       5      10       9      16      15       4      20       2      18       8       3       7      11      14       1      17
   28000      13      12      19       6       5      10       9      16      15      20       4      18       2       3       8      11       7       1      14      17
   28100      13      12      19       6       5      10      16       9      15      20      18       4       3       2      11       8       7       1      14      17
   28200      13      19      12       6       5      16      10      15       9      18      20       3       4       2      11       8       7      14       1      17
   28300      13      19      12       6       5      16      10      15      18       9       3      20       2       4       8      11       7      14       1      17
   28400      13      12      19       5       6      10      16      18      15       3       9      20       2       8       4       7      11       1      14      17
   28500      13      12      19       5       6      10      16      18       3      15       9      20       8       2       7       4      11       1      14      17
   28600      13      19      12       5       6      16      10       3      18      15       9       8      20       7       2       4      11       1      14      17
   28700      13      19      12       5       6      16       3      10      15      18       8       9       7      20       2       4      11       1      14      17
   28800      13      19      12       6       5       3      16      15      10      18       8       9       7       2      20       4      11       1      14      17
   28900      13      19      12       6       5       3      16      15      10      18       9       8       2       7       4      20       1      11      17      14
   29000      13      19      12       5       6      16       3      10      15       9      18       8       2       4       7      20       1      11      17      14
   29100      13      19      12       5       6      16      10       3       9      15       8      18       4       2       7      20      11       1      14      17
   29200      13      12      19       5       6      16      10       9       3      15       8      18       4       7       2      20      11       1      14      17
   29300      13      12      19       5      16       6       9      10       3      15      18       8       4       7      20       2       1      11      17      14
   29400      13      19      12       5      16       9       6      10       3      18      15       8       4      20       7       2       1      11      17      14
   29500      13      19      12       5      16       9       6      10      18       3      15       8      20       4       2       7      11       1      14      17
   29600      13      12      19      16       5       6       9      18      10      15       3       8      20       2       4       7      11      14       1      17
   29700      13      12      19      16       5       6       9      18      10      15       8       3       2      20       7       4      11      14      17       1
   29800      13      12      19       5      16       6       9      10      18      15       8       3       2       7      20       4      11      17      14       1
   29900      13      12      19       5      16       6      10       9      15      18       3       8       7       2       4      20      11      17       1      14
   30000      13      19      12      16       5      10       6      15       9       3      18       8       7       4       2      20      11       1      17      14
   30100      13      19      12      16       5      10       6      15       9       3      18       8       4       7       2      20      11       1      14      17
   30200      13      12      19       5      16       6      10      15       9      18       3       8       4       7       2      20      11       1      14      17
   30300      13      12       5      19       6      16      15      10      18       9       8       3       7       4      20       2       1      11      17      14
   30400      13      12       5       6      19      15      16      18      10       8       9       7       3      20       4       2       1      11      17      14
   30500      13      12       5       6      19      15      16      18       8      10       9       7      20       3       2       4      11       1      17      14
   30600      13       5      12      19       6      16      15       8      18      10       9      20       7       3       2       4      11      17       1      14
   30700      13       5      12      19      16       6       8      15      10      18       9      20       3       7       4       2      11      17       1      14
   30800      13      12       5      16      19       6       8      15      10      18       9       3      20       4       7       2      11       1      17      14
   30900      13      12       5      16       6      19      15       8      18      10       3       9       4      20       2       7       1      11      14      17
   31000      13      12       5       6      16      19      15      18       8      10       3       9       4       2      20       1       7      11      14      17
   31100      13      12       6       5      19      16      18      15      10       8       9       3       2       4      20       1       7      11      17      14
   31200      13       6      12      19       5      16      18      10      15       8       9       2       3      20       4       7       1      11      17      14
   31300      13       6      12      19      16       5      10      18       8      15       9       2      20       3       4       7       1      11      14      17
   31400      13      12       6      19      16       5      10      18       8       9      15      20       2       3       4       7       1      11      14      17
   31500      13      12      19       6       5      16      10      18       8       9      15      20       2       3       7       4       1      11      17      14
   31600      13      19      12       5       6      10      16       8      18      15       9       2      20       3       7       4       1      11      17      14
   31700      13      19      12       5       6      10      16       8      15      18       9       2      20       3       7       4       1      11      14      17
   31800      13      12      19       6       5      16      10       8      15      18       9      20       2       7       3       4       1      14      11      17
   31900      13      12      19       6       5      16       8      10      18      15      20       9       2       7       4       3       1      14      11      17
   32000      13      19      12       5       6      16       8      10      18      15      20       2       9       4       7       3       1      11      14      17
   32100      13      19      12       5       6      16      10       8      15      18       2      20       9       4       3       7      11       1      17      14
   32200      13      12      19       6       5      16      10      15       8      18       2       9      20       3       4       7      11       1      17      14
   32300      13      12       6      19       5      16      15      10      18       8       2       9       3      20       7       4       1      11      14      17
   32400      13      12       6       5      19      16      15      18      10       2       8       9       3      20       7       4       1      14      11      17
   32500      13      12       5       6      19      16      18      15      10       2       8       9      20       3       4       7       1      14      17      11
   32600      13       5      12      19       6      16      18      10      15       8       2       9      20       4       3       7       1      17      14      11
   32700      13       5      12      19      16       6      10      18      15       8       9       2       4      20       7       3      17       1      11      14
   32800      13      12       5      19      16       6      10      15      18       8       9       2       4       7      20       3      17       1      11      14
   32900      13      12      19       5       6      16      15      10       8      18       2       9       7       4      20       3       1      17      14      11
   33000      13      19      12       6       5      16      15      10       8       2      18       9       7      20       4       3       1      14      17      11
   33100      13      19      12       6       5      16      15      10       8       2       9      18      20       7       3       4       1      14      11      17
   33200      13      12      19       5       6      16      15      10       8       9       2      18      20       3       7       4       1      11      14      17
   33300      13      12      19       5       6      16      10      15       8       9       2      18       3      20       4       7      11       1      17      14
   33400      13      12      19       6       5      16      10       8      15       9       2       3      18      20       4       7      11      17       1      14
   33500      13      12       6      19      16       5       8      10       9      15       2       3      20      18       7       4      17      11       1      14
   33600      13      12       6      19      16       5       8       9      10      15       2      20       3      18       7       4      17       1      11      14
   33700      13      12      19       6       5      16       9       8      15      10       2      20      18       3       4       7       1      17      11      14
   33800      13      19      12       6       5      16       9       8      15      10       2      20      18       4       3       7       1      11      17      14
   33900      13      19      12       6       5      16       8       9      10      15      20       2       4      18       7       3       1      11      14      17
   34000      13      12      19       6       5       8      16      10       9      20      15       4       2      18       7       3       1      14      11      17
   34100      13      12       6      19       5       8      10      16      20       9      15       4      18       2       7       3      14       1      11      17
   34200      13      12       6      19       5      10       8      20      16       9      15      18       4       2       7      14       3       1      11      17
   34300      13      12      19       6       5      10      20       8       9      16      18      15       2       4       7      14       3       1      11      17
   34400      13      19      12       6       5      10      20       9       8      18      16       2      15       7       4       3      14       1      11      17
   34500      13      19       6      12      10       5       9      20       8      18      16       2      15       7       3       4       1      14      17      11
   34600      13       6      19      12      10       5       9       8      20      16      18      15       2       3       7       4       1      17      14      11
   34700      13       6      12      19       5      10       8       9      16      20      15      18       3       2       7       4       1      17      11      14
   34800      13      12       6      19       5       8      10       9      16      15      20       3      18       2       7       1       4      11      17      14
   34900      13      12       6      19       5       8      10       9      16      15       3      20      18       2       7       1       4      11      14      17
   35000      13       6      12      19       5       8      10      16       9      15       3      18      20       2       7       4       1      14      11      17
   35100      13       6      12      19       5       8      10      16      15       9      18       3       2      20       7       4       1      14      17      11
   35200      13      12       6       5      19      10       8      15      16       9      18       2       3       7      20       1       4      17      14      11
   35300      13      12       6       5      10      19      15       8       9      16       2      18       7       3      20       1      17       4      11      14
   35400      13      12       6       5      10      19      15       8       9      16       2      18       7      20       3       1      17      11       4      14
   35500      13      12       5       6      19      10       8      15       9      16      18       2      20       7       3       1      11      17       4      14
   35600      13      12       5       6      19       8      10       9      15      16      18      20       2       3       7       1      11      17       4      14
   35700      13      12       5       6      19       8      10       9      16      15      18      20       2       3       7       1      11      17      14       4
   35800      13      12       5      19       6       8      10      16       9      15      18       2      20       7       3       1      11      17      14       4
   35900      13      12      19       5       8       6      10      16       9      15       2      18      20       7       1       3      11      17       4      14
   36000      13      12      19       8       5       6      10       9      16      15       2      18      20       7       1       3      11       4      17      14
   36100      13      12      19       8       6       5       9      10      15      16      18       2      20       7       3       1       4      11      14      17
   36200      13      12      19       6       8       9       5      15      10      16      18      20       2       3       7       4       1      11      14      17
   36300      13      12       6      19       9       8      15       5      10      16      20      18       3       2       7       4       1      11      17      14
   36400      13      12       6      19       9       8      15       5      10      16      20      18       3       7       2       1       4      17      11      14
   36500      13      12       6      19       8       9       5      15      10      16      18      20       3       7       2       1      17       4      11      14
   36600      13      12       6      19       8       5       9      10      15      16      18      20       3       7       2      17       1      11       4      14
   36700      13      12       6      19       5       8      10       9      16      15      20      18       7       3       2      17      11       1       4      14
   36800      13       6      12       5      19       8      10       9      16      15      20      18       7       3       2      11      17       4       1      14
   36900      13       6      12       5      19       8      10       9      15      16      20      18       3       7       2      11       4      17       1      14
   37000      13      12       6      19       5      10       8      15       9      20      16       3      18       2       7       4      11       1      17      14
   37100      13      12       6      19       5      10       8      15      20       9      16       3       2      18       7       4       1      11      14      17
   37200      13      12       6      19       5      10       8      20      15      16       9       2       3      18       7       1       4      14      11      17
   37300      13      12      19       6       5      10       8      20      16      15       9       2      18       3       7       1      14       4      11      17
   37400      13      12      19       5       6       8      10      16      20       9      15      18       2       7       3       1      14      11       4      17
   37500      13      12       5      19       6       8      10      16       9      20      15      18       7       2       3       1      11      14       4      17
   37600      13      12       5       6      19       8      10       9      16      15      20      18       7       3       2      11       1       4      14      17
   37700      13      12       6       5      19       8      10       9      15      16      20      18       7       3       2      11       4       1      14      17
   37800      13       6      12       5      19      10       8      15       9      16      20       7      18       2       3       4      11      14       1      17
   37900      13       6      12       5      19      10      15       8       9      16       7      20      18       2       3       4      11      14       1      17
   38000      13       6      12      19       5      10      15       9       8      16       7      18      20       3       2       4      11       1      14      17
   38100      13       6      12      19       5      10       9      15      16       8      18       7      20       3       2       4       1      11      17      14
   38200      13      12       6       5      19      10       9      16      15       8      18      20       7       2       3       1       4      11      17      14
   38300      13      12       5       6      10      19      16       9       8      15      20      18       2       7       3       1       4      11      17      14
   38400      13      12       5       6      10      19      16       9       8      15      20       2      18       3       7       4       1      17      11      14
   38500      13      12       6       5      19      10      16       9      15       8      20       2      18       3       7       4       1      17      14      11
   38600      13      12       6      19       5      16      10      15       9       8      20      18       2       7       3       1       4      14      17      11
   38700      13      12       6      19       5      16      15      10       8       9      18      20       7       2       3       1      14       4      11      17
   38800      13      12       6      19       5      16      15       8      10       9      18      20       7       3       2       1      14      11       4      17
   38900      13      12      19       6       5      16      15       8       9      10      20      18       3       7       2       1      11      14       4      17
   39000      13      19      12       6       5      16      15       8       9      20      10       3      18       2       7      11       1       4      14      17
   39100      13      19       6      12      16       5      15       8       9      20      10       3       2      18       7      11       4       1      17      14
   39200      13      19       6      12      16      15       5       8       9      10      20       2       3       7      18       4      11       1      17      14
   39300      13      19      12       6      15      16       5       8       9      10       2      20       7       3      18       4       1      11      17      14
   39400      13      19      12       6      15       5      16       9       8       2      10      20       7      18       3       1       4      17      11      14
   39500      13      19      12       6       5      15      16       9       2       8      20      10      18       7       3       1      17       4      11      14
   39600      13      12      19       6       5      16      15       2       9      20       8      10      18       7       3       1      17      11       4      14
   39700      13      12      19       6      16       5      15       2      20       9      10       8       7      18       3       1      11      17      14       4
   39800      13      12      19       6      16      15       5       2      20      10       9       7       8       3      18      11       1      14      17       4
   39900      13      12       6      19      16      15       5       2      10      20       9       7       8       3      18      11       1      14       4      17
   40000      13      12       6      16      19       5      15       2      10       9      20       8       7       3      18       1      11       4      14      17
   40100      13      12      16       6      19       5      15       2       9      10       8      20       7       3      18       1       4      11      14      17
   40200      13      12      16      19       6       5      15       9       2       8      10       7      20      18       3       4       1      11      14      17
   40300      13      12      19      16       5       6       9      15       8       2      10       7      20      18       3       4      11       1      17      14
   40400      13      12      19      16       5       6       9      15       8      10       2      20       7       3      18      11       4       1      17      14
   40500      13      12      19      16       6       5      15       9       8      10      20       2       3       7      18      11       1       4      14      17
   40600      13      12      19       6      16      15       5       8       9      20      10       2       3       7      18       1      11      14       4      17
   40700      13      12       6      19      15      16       5       8       9      20      10       2       7       3       1      18      11      14      17       4
   40800      13       6      12      19      15       5      16       9       8      10      20       7       2       1       3      18      11      14      17       4
   40900      13       6      19      12       5      15       9      16      10       8       7      20       2       1      18       3      11      14       4      17
   41000      13      19       6      12       5       9      15      10      16       7       8      20       2      18       1       3      11       4      14      17
   41100      13      19      12       6       5       9      15      10      16       7      20       8      18       2       3       1      11       4      17      14
   41200      13      12      19       6       5      15       9      16      10      20       7      18       8       3       2       1      11       4      17      14
   41300      13      12       6      19      15       5      16       9      20      10      18       7       3       8       2       1       4      11      14      17
   41400      13      12       6      19      15       5      16       9      20      18      10       7       3       2       8       1       4      14      11      17
   41500      13      12       6      19       5      15      16       9      18      20       7      10       3       2       8       1      14       4      11      17
   41600      13       6      12      19       5      15      16       9      18       7      20       3      10       8       2       1      14      11       4      17
   41700      13       6      12      19      15       5       9      16       7      18       3      20      10       8       2       1      11      14       4      17
   41800      13       6      12      19      15       5       9      16       7      18       3      10      20       8       2       1      11       4      14      17
   41900      13       6      19      12       5      15      16       9      18       7      10       3       8      20       2       1      11       4      17      14
   42000      13       6      19      12       5      15      16      18       9      10       7       8       3       2      20       1      11       4      17      14
   42100      13       6      12      19      15       5      18      16      10       9       8       7       2       3       1      20       4      11      14      17
   42200      13      12       6      19      15       5      18      10      16       8       9       2       7       3       1      20       4      11      14      17
   42300      13      12      19       6       5      15      10      18      16       8       9       2       3       7      20       1      11       4      17      14
   42400      13      12      19       6       5      15      10      16      18       9       8       3       2      20       7       1      11       4      17      14
   42500      13      12      19       6       5      15      16      10      18       9       8       3      20       2       7       1      11       4      14      17
   42600      13      12      19       5       6      16      15      10      18       8       9      20       3       7       2       1      11      14       4      17
   42700      13      12      19       5      16       6      10      15       8      18       9      20       7       3       1       2      11      14      17       4
   42800      13      12      19      16       5      10       6      15       8       9      18      20       7       1       3       2      11      17      14       4
   42900      13      12      16      19      10       5      15       6       9       8      18      20       1       7       2       3      17      11       4      14
   43000      13      12      16      19      10       5      15       6       9      18       8      20       1       2       7       3      17       4      11      14
   43100      13      12      19      16       5      10       6      15       9      18      20       8       2       1       3       7       4      17      11      14
   43200      13      19      12       5      16       6      10      15       9      20      18       2       8       3       1       7       4      11      17      14
   43300      13      19      12       5       6      16      15      10       9      20      18       2       8       3       7       1      11       4      14      17
   43400      13      19      12       6       5      15      16       9      10      18      20       8       2       7       3       1      11       4      14      17
   43500      13      19      12       6      15       5      16       9      18      10      20       8       7       2       3       1       4      11      17      14
   43600      13      12      19      15       6       5      16       9      18      20      10       8       7       3       2       1       4      11      17      14
   43700      13      12      19      15       5       6       9      16      18      20      10       8       3       7       2       1      11       4      17      14
   43800      13      12      19       5      15       9       6      18      16      10      20       3       8       2       7       1      11       4      17      14
   43900      13      12       5      19       9      15       6      18      10      16       3      20       8       2       7       1       4      11      17      14
   44000      13      12       5      19       9      15       6      10      18       3      16       8      20       7       2       1       4      11      17      14
   44100      13      12      19       5      15       9       6      10       3      18       8      16      20       7       2       1      11       4      17      14
   44200      13      12      19      15       5       6       9       3      10       8      18      20      16       2       7      11       1       4      17      14
   44300      13      12      19      15       5       6       3       9      10       8      20      18       2      16       7      11       1       4      17      14
   44400      13      12      19       5      15       6       3      10       9       8      20       2      18       7      16       1      11       4      17      14
   44500      13      12       5      19      15       6      10       3       8       9       2      20       7      18       1      16       4      11      17      14
   44600      13       5      12      19      15       6      10       8       3       9       2       7      20      18       1      16       4      11      17      14
   44700      13       5      19      12      15       6      10       8       9       3       2       7      18      20      16       1      11       4      17      14
   44800      13      19       5      12      15      10       6       8       9       2       3      18       7      20      16       1      11       4      17      14
   44900      13      19      12       5      10      15       6       8       2       9      18       3      20       7      16       1      11       4      14      17
   45000      13      12      19      10       5       6      15       2       8      18       9      20       3      16       7      11       1       4      14      17
   45100      13      12      19      10       6       5      15       2       8      18      20       9      16       3       7      11       4       1      17      14
   45200      13      19      12       6      10      15       5       8       2      20      18      16       9       3       7       4      11       1      17      14
   45300      13      19      12       6      15      10       5       8      20       2      16      18       3       9       4       7       1      11      14      17
   45400      13      19      12      15       6       5      10      20       8      16       2       3      18       9       4       1       7      11      14      17
   45500      13      19      15      12       5       6      20      10      16       8       3       2       9      18       1       4       7      11      17      14
   45600      13      19      15       5      12      20       6      16      10       3       8       9       2      18       1       7       4      11      17      14
   45700      13      19      15       5      12      20       6      16      10       3       8       9       2      18       1       7      11       4      14      17
   45800      13      19      15      12       5       6      20      10      16       8       3       2       9      18       1      11       7       4      14      17
   45900      13      19      12      15       6       5      20      10       8      16       2       3      18       9       1      11       7       4      17      14
   46000      13      19      12       6      15       5      20      10       8       2      16      18       3       9       1       7      11      17       4      14
   46100      13      19      12       6      15       5      10      20       2       8      18      16       9       3       7       1      11      17       4      14
   46200      13      12      19      15       6       5      10       2      20      18       8       9      16       7       3      11       1       4      17      14
   46300      13      12      19      15       5       6       2      10      18      20       8       9      16       7       3      11       4       1      14      17
   46400      13      19      12       5      15       6       2      10      18      20       8      16       9       3       7      11       4       1      14      17
   46500      13      19       5      12      15       6      10       2      20      18       8      16       3       9      11       7       1       4      17      14
   46600      13       5      19      12      15      10       6      20       2       8      18       3      16       9      11       7       1      17       4      14
   46700      13       5      12      19      10      15      20       6       2       8       3      18       9      16       7      11      17       1      14       4
   46800      13       5      12      19      10      20      15       6       2       3       8       9      18      16       7      11      17       1      14       4
   46900      13       5      12      19      10      20      15       6       2       3       9       8      16      18      11       7       1      17       4      14
   47000      13      12       5      19      10      15      20       6       2       3       9      16       8      18      11       1       7       4      17      14
   47100      13      12      19       5      15      10       6      20       3       2      16       9      18       8       1      11       7       4      14      17
   47200      13      12      19      15       5       6      10      20       3      16       2      18       9       1       8       7      11      14       4      17
   47300      13      12      15      19       5       6      20      10      16       3       2      18       9       1       8       7      11      14      17       4
   47400      13      15      12      19       5       6      20      10      16       2       3       9      18       8       1       7      11      17      14       4
   47500      13      15      19      12       5       6      10      20       2      16       9       3       8      18       7       1      11      17       4      14
   47600      13      19      15       5      12      10       6      20       2      16       9       3       8       7      18       1      11       4      17      14
   47700      13      19       5      15      12      10      20       6      16       2       9       3       7       8      18       1       4      11      17      14
   47800      13       5      19      12      15      10      20       6      16       9       2       7       3      18       8       4       1      11      17      14
   47900      13       5      12      19      10      15       6      20       9      16       2       7       3      18       8       4       1      11      14      17
   48000      13      12       5      10      19       6      15      20       9      16       2       7       3       8      18       1       4      14      11      17
   48100      13      12      10       5       6      19      15      20      16       9       7       2       8       3      18       1       4      14      11      17
   48200      13      12      10       5       6      19      15      20      16       9       7       8       2      18       3       1       4      11      14      17
   48300      13      12      10       5      19       6      15      20       9      16       7       8       2      18       1       3      11       4      17      14
   48400      13      12      10      19       5      15       6       9      20       7      16       2       8       1      18       3      11       4      17      14
   48500      13      12      19      10      15       5       6       9       7      20       2      16       8       1       3      18       4      11      14      17
   48600      13      12      19      10      15       5       6       7       9       2      20       8      16       3       1      18       4      11      14      17
   48700      13      12      10      19       5      15       6       7       2       9      20       8      16       3      18       1      11       4      17      14
   48800      13      10      12      19       5       6      15       2       7      20       9      16       8       3      18       1      11       4      17      14
   48900      13      10      19      12       6       5      15       2      20       7      16       9       3       8       1      18      11       4      14      17
   49000      13      19      10       6      12      15       5      20       2      16       7       3       9       8       1      18      11       4      14      17
   49100      13      19       6      10      12      15       5      20      16       2       3       7       8       9      18       1       4      11      17      14
   49200      13       6      19      10      12       5      15      20      16       2       3       7       8       9      18       1       4      11      17      14
   49300      13       6      10      19      12       5      20      15       2      16       7       3       9       8      18       1       4      11      17      14
   49400      13      10       6      12      19       5      20      15       2       7      16       9       3      18       8       1       4      17      11      14
   49500      13      10      12       6      19       5      15      20       7       2       9      16      18       3       1       8      17       4      11      14
   49600      13      12      10      19       6       5      15      20       7       9       2      18      16       3       1       8      17       4      11      14
   49700      13      12      19      10       6       5      20      15       7       9      18       2      16       3       8       1       4      17      11      14
   49800      13      12      19       6      10      20       5       7      15      18       9      16       2       8       3       1       4      11      17      14
   49900      13      12      19       6      10      20       5       7      15      18      16       9       2       8       3       1      11       4      17      14
   50000      13      12      19       6      10       5      20      15       7      16      18       2       9       3       8       1      11      17       4      14
   50100      13      12      19       6      10       5      15      20      16       7      18       2       3       9       1       8      17      11       4      14
   50200      13      19      12      10       6       5      15      16      20       7      18       2       3       9       1       8      17      11       4      14
   50300      13      19      12      10       5       6      15      16      20       7       2      18       9       3       8       1      11      17       4      14
   50400      13      19      12      10       5      15       6      20      16       2       7       9      18       8       3       1      11       4      17      14
   50500      13      19      12      10       5      15       6      20       2      16       9       7       8      18       3       1       4      11      17      14
   50600      13      19      12       5      10      15       6      20       2       9      16       8       7       3      18       1       4      11      17      14
   50700      13      19      12       5      10      15       6      20       9       2       8      16       7       3       1      18      11       4      17      14
   50800      13      19      12      10       5       6      15       9      20       8       2       7      16       3       1      18      11       4      17      14
   50900      13      19      12      10       5       6       9      15       8      20       2       7      16       3      18       1       4      11      17      14
   51000      13      19      12       5      10       9       6      15       8       2      20      16       7      18       3       1       4      11      17      14
   51100      13      19      12       5      10       9       6      15       2       8      16      20      18       7       3       1      11       4      17      14
   51200      13      19      12       5      10       6       9      15       2      16       8      20      18       3       7      11       1      17       4      14
   51300      13      19      12       5       6      10       9      15      16       2      20       8       3      18       7      11       1      17      14       4
   51400      13      12      19       6       5      10       9      15      16      20       2       3       8       7      18       1      11      14      17       4
   51500      13      12      19       6      10       5      15       9      16      20       3       2       7       8       1      18      11      14       4      17
   51600      13      19      12      10       6      15       5       9      16       3      20       2       7       8       1      18      11       4      14      17
   51700      13      19      12      10       6      15       5       9       3      16      20       2       7       8      18       1       4      11      17      14
   51800      13      12      19      10       6       5      15       3       9      20      16       7       2       8      18       1       4      11      17      14
   51900      13      12      19      10       5       6      15       3      20       9       7      16       8       2       1      18      11       4      14      17
   52000      13      19      12       5      10      15       6      20       3       9       7      16       8       2       1      18      11       4      14      17
   52100      13      19       5      12      10      15       6      20       9       3      16       7       2       8      18       1      11       4      17      14
   52200      13       5      19      12      10       6      15       9      20       3      16       2       7      18       8       1      11      17       4      14
   52300      13       5      12      19       6      10      15       9       3      20      16       2      18       7       1       8      11      17       4      14
   52400      13       5      12      19       6      15      10       3       9      20      16       2      18       7       1       8      11       4      17      14
   52500      13       5      12      19      15       6      10       3      20       9       2      16       7      18       8       1      11       4      17      14
   52600      13      12       5      19      15       6      10      20       3       9       2       7      16       8      18      11       1      17       4      14
   52700      13      12      19       5      15       6      10      20       9       3       2       7       8      16      11      18       1      17       4      14
   52800      13      19      12       5      15      10       6       9      20       3       2       8       7      16      11       1      18       4      17      14
   52900      13      19      12       5      10      15       6       9       3      20       8       2      16       7       1      11      18       4      17      14
   53000      13      12      19       5      10       6      15       3       9      20       8      16       2       7       1      18      11      17       4      14
   53100      13      12       5      19      10       6      15       3       9      20      16       8       7       2      18       1      11      17       4      14
   53200      13       5      12      19      10       6      15       9       3      16      20       7       8      18       2       1      11       4      17      14
   53300      13       5      19      12       6      10       9      15      16       3       7      20      18       8       2       1       4      11      17      14
   53400      13      19       5      12       6       9      10      15      16       7       3      20      18       2       8       4       1      11      17      14
   53500      13      19      12       5       6       9      15      10       7      16      20       3       2      18       4       8       1      11      17      14
   53600      13      19      12       6       5      15       9       7      10      20      16       3       2      18       4       8       1      11      17      14
   53700      13      19       6      12       5      15       9       7      10      20       3      16      18       2       8       4       1      11      17      14
   53800      13      19       6       5      12      15       9       7      10       3      20      16      18       8       2       1       4      11      17      14
   53900      13      19       6       5      15      12       9       7      10       3      20      16       8      18       2       1      11       4      14      17
   54000      13      19       6       5      15      12       9      10       7      20       3       8      16       2      18      11       1       4      14      17
   54100      13      19       5       6      12      15       9      10      20       7       3       8       2      16      18      11       4       1      17      14
   54200      13      19       5      12       6       9      15      20      10       7       3       8       2      18      16      11       4      17       1      14
   54300      13      19      12       5       6       9      15      20      10       7       8       3       2      18      16      11       4      17       1      14
   54400      13      19      12       5       6      15       9      10      20       8       7       2       3      16      18       4      11       1      17      14
   54500      13      19      12       5      15       6      10       9       8      20       7       2       3      16      18       4       1      11      17      14
   54600      13      19      12      15       5       6      10       9       8      20       7       3       2      18      16       1       4      11      17      14
   54700      13      19      15      12       5       6       9      10      20       8       7       3      18       2      16       1      11       4      17      14
   54800      13      19      15       5      12       9       6      20      10       7       8      18       3      16       2       1      11      17       4      14
   54900      13      19       5      15      12       9       6      20      10       7       8      18      16       3       1       2      17      11       4      14
   55000      13      19       5      12      15       6       9      10      20       7       8      16      18       3       1       2      17       4      11      14
   55100      13      19      12       5       6      15       9      10       7      20      16       8       3      18       2       1       4      17      11      14
   55200      13      19      12       6       5       9      15       7      10      16      20       3       8      18       2       1       4      11      17      14
   55300      13      19       6      12       5       9       7      15      10      16       3      20      18       8       1       2       4      11      17      14
   55400      13      19       6      12       5       7       9      10      15       3      16      20      18       8       1       2       4      17      11      14
   55500      13      19      12       6       7       5      10       9      15       3      20      16       8      18       2       1      17       4      11      14
   55600      13      19      12       7       6      10       5      15       9       3      20       8      16       2      18       1      17       4      11      14
   55700      19      13      12       7       6      10      15       5       9       3       8      20       2      16       1      18       4      17      11      14
   55800      19      13      12       6       7      15      10       5       9       8       3      20       2      16       1      18       4      17      11      14
   55900      19      13       6      12       7      15       5      10       9       8      20       3       2      16      18       1      17       4      11      14
   56000      19      13       6      12       7       5      15       9      10      20       8       3       2      16      18       1      17      11       4      14
   56100      19      13      12       6       5       7       9      15      10      20       3       8      16       2      18       1      17      11       4      14
   56200      19      13      12       5       6       9       7      10      15       3      20       8      16       2      18      17       1       4      11      14
   56300      19      13       5      12       6       9      10       7      15       3      20       8       2      16      18      17       1       4      11      14
   56400      19      13       5      12       6       9      10      15       7       3      20       2       8      18      16       1      17      11       4      14
   56500      19      13      12       5       6       9      15      10       3       7       2      20       8      18      16       1      11      17       4      14
   56600      19      12      13       6       5       9      15      10       3       7       2       8      20      16      18       1      11       4      17      14
   56700      19      12      13       6       9       5      15      10       3       7       8       2      20      16      18       1      11       4      14      17
   56800      19      13      12       6       9      15       5       3      10       8       7       2      20      18      16       1      11       4      14      17
   56900      19      13       6      12      15       9       5       3       8      10       7       2      20      18       1      16      11       4      17      14
   57000      19      13       6      15      12       5       9       3       8       7      10      20       2       1      18      16      11       4      17      14
   57100      13      19      15       6      12       5       3       9       7       8      20      10       2       1      16      18      11       4      14      17
   57200      13      19      15       6      12       3       5       9       7      20       8      10       2      16       1      18      11       4      14      17
   57300      19      13       6      15      12       3       9       5      20       7      10       8       2      16      18       1      11       4      17      14
   57400      19      13       6      12      15       9       3       5      20      10       7       2       8      16      18      11       1       4      17      14
   57500      19      13       6      12       9      15       3       5      10      20       2       7      16       8      11      18       1       4      14      17
   57600      19      13       6      12       9       3      15      10       5       2      20      16       7       8      11      18       1       4      14      17
   57700      13      19       6      12       9       3      15      10       2       5      20      16       7       8      18      11       1       4      14      17
   57800      13      19       6      12       9      15       3       2      10      20       5       7      16      18       8       1      11       4      14      17
   57900      13      19      12       6      15       9       2       3      20      10       7       5      18      16       1       8       4      11      14      17
   58000      13      19      12       6      15       9       2      20       3      10       7       5      18       1      16       8       4      11      14      17
   58100      13      19       6      12      15       9      20       2       3      10       5       7       1      18      16       8      11       4      14      17
   58200      13      19       6      12      15       9      20       3       2       5      10       7       1      18      16       8      11       4      14      17
   58300      13      19      12       6       9      15       3      20       5       2       7      10      18       1       8      16       4      11      17      14
   58400      13      19      12       9       6       3      15       5      20       7       2      10      18       8       1      16       4      11      17      14
   58500      19      13      12       9       6       3      15       5       7      20      10       2       8      18      16       1      11       4      14      17
   58600      19      12      13       6       9      15       3       7       5      10      20       8       2      16      18      11       1      14       4      17
   58700      19      12      13       6       9      15       7       3      10       5      20       8       2      16      18      11       1      14       4      17
   58800      19      13      12       6       9      15       7      10       3      20       5       2       8      18      16       1      11       4      14      17
   58900      19      13       6      12      15       9      10       7      20       3       5       2      18       8       1      16      11       4      17      14
   59000      19      13       6      12      15       9      10      20       7       5       3      18       2       8       1      16      11       4      17      14
   59100      19      13       6      12       9      15      20      10       5       7       3      18       2       8      16       1       4      11      14      17
   59200      19      13       6      12       9      20      15       5      10       7       3       2      18      16       8       4       1      11      14      17
   59300      19      13       6      12      20       9      15       5       7      10       3       2      16      18       8       4       1      11      17      14
   59400      19       6      13      12      20      15       9       7       5      10       3       2      16      18       8       1       4      17      11      14
   59500      19       6      12      13      15      20       7       9      10       5       2       3      18      16       1       8      17       4      11      14
   59600      19      12       6      13      15       7      20      10       9       5       2       3      18      16       1       8      17      11       4      14
   59700      19      12      13       6      15       7      10      20       5       9       3       2      18      16       8       1      11      17       4      14
   59800      19      13      12       6      15      10       7       5      20       3       9      18       2       8      16       1      11       4      17      14
   59900      13      19       6      12      15      10       5       7      20       3       9      18       8       2      16       1      11       4      14      17
   60000      13      19       6      15      12       5      10      20       7       9       3       8      18      16       2       1      11       4      14      17
   60100      19      13      15       6      12       5      20      10       9       7       3       8      16      18       2       1       4      11      17      14
   60200      19      13      15      12       6       5      20       9      10       3       7       8      16      18       2       1       4      11      17      14
   60300      19      13      12      15       6       5       9      20       3      10       8       7      16      18       1       2      11       4      14      17
   60400      19      13      12       6      15       9       5       3      20      10       8      16       7      18       1      11       2       4      14      17
   60500      19      13       6      12       9      15       5       3      10      20      16       8       7      18       1      11       2       4      17      14
   60600      19      13       6      12       9      15       5      10       3      16      20       7       8      18       1       2      11       4      17      14
   60700      19      13      12       6      15       9      10       5      16       3       7      20      18       8       2       1       4      11      17      14
   60800      19      13      12       6      15      10       9      16       5       7       3      20      18       2       8       4       1      11      17      14
   60900      19      13       6      12      15      10      16       9       7       5      20       3      18       2       4       8      11       1      14      17
   61000      19      13       6      12      15      16      10       7       9      20       5       3      18       4       2       8      11       1      14      17
   61100      19      13      12       6      15      16       7      10      20       9       3       5      18       4       8       2       1      11      17      14
   61200      19      13      12       6      15      16       7      10      20       3       9       5      18       8       4       2       1      11      17      14
   61300      19      13      12       6      15      16      10       7       3      20       9       5      18       8       2       4      11       1      14      17
   61400      19      12      13       6      15      10      16       7       3      20       9      18       5       8       2      11       4       1      14      17
   61500      19      12      13       6      10      15       7      16       3      20      18       9       5       8       2      11       4       1      17      14
   61600      19      12      13       6      10       7      15      16       3      20      18       9       5       2       8      11       4       1      17      14
   61700      19      12      13       6      10       7      15      16      20       3       9      18       5       2       8      11       1       4      17      14
   61800      19      13      12       6      10      15       7      20      16       3       9       5      18       8       2       1      11       4      17      14
   61900      13      19       6      12      15      10       7      20       3      16       9       5      18       8       1       2      11       4      17      14
   62000      13      19       6      12      15       7      10      20       3       9      16       5      18       8       1       2      11      17       4      14
   62100      13      19      12       6       7      15      10      20       9       3       5      16       8      18       2       1      11      17       4      14
   62200      13      12      19       7       6      10      15       9      20       5       3       8      16       2      18      11       1       4      17      14
   62300      12      13      19       7       6      10       9      15       5      20       8       3       2      16      18      11       1       4      17      14
   62400      12      19      13       6       7       9      10      15       5       8      20       3       2      18      16       1      11      17       4      14
   62500      12      19       6      13       7       9      15      10       8       5       3      20       2      18      16       1      11      17       4      14
   62600      12       6      19      13       7      15       9      10       8       3       5       2      20      16      18      11       1       4      17      14
   62700       6      12      13      19      15       7      10       9       3       8       5       2      16      20      11      18       1       4      14      17
   62800       6      12      13      19      15       7      10       9       3       8       5      16       2      20      11      18       1       4      14      17
   62900       6      12      13      19      15       7       9      10       8       3      16       5      20       2      18      11       4       1      17      14
   63000       6      12      13      19      15       9       7       8      10      16       3       5      20      18       2      11       4      17       1      14
   63100       6      12      13      19      15       9       7       8      16      10       5       3      18      20      11       2      17       4       1      14
   63200       6      13      12      19      15       7       9      16       8      10       5       3      18      20      11       2      17       1       4      14
   63300       6      13      19      12       7      15       9      16      10       8       3       5      20      18       2      11       1      17      14       4
   63400       6      19      13       7      12      15       9      16      10       3       8       5      20       2      18      11       1      14      17       4
   63500       6      19      13       7      12      15       9      16       3      10       5       8      20       2      18      11       1      14       4      17
   63600       6      19      13      12       7       9      15       3      16      10       5       8      20      18       2       1      11       4      14      17
   63700       6      19      12      13       9       7       3      15      16      10       8       5      18      20       2       1      11       4      14      17
   63800       6      12      19      13       9       7       3      16      15       8      10       5      18      20       2       1      11       4      14      17
   63900       6      12      13      19       7       9      16       3      15       8       5      10      20      18       2       1       4      11      17      14
   64000       6      13      12       7      19       9      16      15       3       8       5      10      20       2      18       1       4      17      11      14
   64100      13       6       7      12      19       9      15      16       3       8       5      10       2      20      18       1       4      17      11      14
   64200      13       7       6      12      19      15       9      16       3       5       8      10       2      20      18       4       1      11      17      14
   64300      13       7      12       6      19      15       9      16       3       5      10       8      20       2       4      18       1      11      17      14
   64400      13      12       7      19       6       9      15       3      16       5      10       8      20       2       4      18       1      11      17      14
   64500      13      12      19       7       6       9       3      15       5      16       8      10       2      20      18       4      11       1      14      17
   64600      13      12      19       6       7       3       9      15       5       8      16       2      10      20      18      11       4       1      14      17
   64700      12      13       6      19       7       3      15       9       8       5      16       2      10      20      18      11       4       1      17      14
   64800      12      13       6       7      19      15       3       9       8      16       5       2      10      18      20      11       4       1      17      14
   64900      12      13       6       7      19      15       9       3      16       8       5       2      10      18      20      11       1       4      14      17
   65000      12      13       6      19       7       9      15       3      16       5       8      10       2      18      20       1      11       4      14      17
   65100      12      13       6      19       9       7      15       3      16       5       8      10      18       2      20       1       4      11      17      14
   65200      12      13       6       9      19      15       7      16       3       5       8      18      10      20       2       4       1      17      11      14
   65300      13      12       9       6      15      19       7      16       5       3       8      18      20      10       2       4       1      17      11      14
   65400      13      12       9       6      15      19       7      16       5       3       8      20      18       2      10       1       4      11      17      14
   65500      13      12       6       9      19      15       7      16       3       5      20       8      18       2       1      10      11       4      14      17
   65600      13      12       6      19       9       7      15       3      16      20       5       8      18       2       1      10      11      14       4      17
   65700      13      12       6      19       7       9       3      15      20      16       8       5       2      18      10       1      14      11      17       4
   65800      13       6      12      19       7       3       9      15      20      16       8       2       5      10      18       1      14      11      17       4
   65900      13       6      12      19       3       7      15       9      16      20       2       8      10       5      18       1      11      14       4      17
   66000      13       6      12      19       3      15       7       9      16      20       2      10       8       5      18      11       1       4      14      17
   66100      13       6      19      12      15       3       7       9      16      20       2      10       5       8      18      11       4       1      17      14
   66200      13      19       6      12      15       7       3       9      16      20       2       5      10      18       8      11       4      17       1      14
   66300      13      19      12       6       7      15       9       3      16      20       5       2      10      18       8      11       4      17      14       1
   66400      13      19      12       7       6       9      15      16       3       5      20       2      10       8      18       4      11      14      17       1
   66500      13      19      12       7       6       9      15      16       5       3       2      20       8      10      18       4      14      11       1      17
   66600      13      12      19       6       7      15       9       5      16       3       2       8      20      18      10      14       4       1      11      17
   66700      13      12       6      19      15       7       5       9       3      16       8       2      18      20      10      14       1       4      17      11
   66800      13      12       6      19      15       5       7       3       9       8      16       2      18      10      20      14       1       4      17      11
   66900      13      12      19       6       5      15       3       7       9       8       2      16      10      18      20      14       4       1      11      17
   67000      13      12      19       6       5       3      15       9       7       2       8      16      10      20      18       4      14       1      11      17
   67100      13      12       6      19       5       3       9      15       2       7      16       8      20      10      18       4       1      14      17      11
   67200      13      12       6       5      19       9       3       2      15       7      16      20       8      18      10       4       1      17      14      11
   67300      13      12       5       6      19       9       3       2      15       7      20      16       8      18      10       4       1      17      11      14
   67400      13      12       5       6      19       3       9      15       2       7      20      16       8      10      18       1       4      11      17      14
   67500      13      12       6       5      19       3       9      15       7       2      16      20      10       8       1      18      11       4      17      14
   67600      13      12       6       5      19       3       9      15       7      16       2      10      20       8       1      18      11      17       4      14
   67700      13      12       6       5      19       3      15       9      16       7      10       2       8      20      18       1      17      11       4      14
   67800      13      12       6      19       5      15       3       9      16       7      10       8       2      20      18       1      17       4      11      14
   67900      13      12       6      19      15       5       9       3       7      16       8      10       2      20      18       1       4      17      11      14
   68000      13       6      12      15      19       9       5       7       3      16       8      10       2      18      20       1       4      11      17      14
   68100      13       6      15      12       9      19       7       5      16       3      10       8      18       2      20       1       4      11      17      14
   68200      13       6      15      12       9       7      19      16       5       3      10       8      18       2      20       4       1      11      17      14
   68300      13       6      12      15       9       7      19      16       3       5       8      10       2      18      20       4       1      11      17      14
   68400      13       6      12      15       9      19       7       3      16       5       8       2      10      18      20       1       4      17      11      14
   68500      13       6      15      12      19       9       3       7       5      16       2       8      18      10      20       1       4      17      14      11
   68600      13       6      15      19      12       3       9       7       5       2      16       8      18      10      20       4       1      17      14      11
   68700      13       6      19      15       3      12       7       9       2       5       8      16      10      18       4      20       1      17      11      14
   68800      13      19       6       3      15      12       7       2       9       5       8      16      10      18       4      20       1      11      17      14
   68900      13      19       3       6      12      15       7       2       9       5      16       8      18      10      20       4       1      11      14      17
   69000      13      19       3      12       6       7      15       2       9       5      16       8      18      20      10       1       4      11      14      17
   69100      13      19      12       3       6       7      15       2       5       9       8      16      18      20      10       1      11       4      17      14
   69200      13      12      19       6       3      15       7       5       2       9       8      16      18      10      20      11       1       4      17      14
   69300      13      12       6      19      15       3       5       7       9       2      16       8      10      18      20      11       1       4      14      17
   69400      13      12       6      19      15       5       3       7       9      16       2      10       8      20      18      11       1       4      14      17
   69500      13      12       6      19      15       5       3       7       9      16       2      10      20       8      18      11       4       1      14      17
   69600      13      12       6      19      15       3       5       9       7       2      16      20      10       8      18       4      11       1      14      17
   69700      13      12      19       6      15       3       9       5       7       2      20      16      10       8      18       4       1      11      17      14
   69800      13      12      19       6      15       9       3       7       5      20       2      10      16      18       8       1       4      17      11      14
   69900      13      12       6      19       9      15       3       7       5      20       2      10      18      16       8       1      17       4      11      14
   70000      13       6      12       9      19       3      15       5       7       2      20      10      18       8      16      17       1       4      11      14
   70100      13       6       9      12      19       3      15       5       2       7      10      20       8      18      16      17       4       1      11      14
   70200      13       6       9      12      19      15       3       2       5      10       7       8      20      18      16       4      17      11       1      14
   70300      13       6      12       9      15      19       3       2      10       5       7       8      18      20      16       4      11      17       1      14
   70400      13      12       6      15       9      19       3      10       2       7       5       8      18      20      16       4      11       1      17      14
   70500      13      12       6      15      19       9       3      10       7       2       8       5      20      18       4      16      11       1      14      17
   70600      13      12       6      19      15       3       9       7      10       8       2      20       5      18       4      16      11       1      14      17
   70700      13      12      19       6      15       3       9       7       8      10      20       2       5      18      16       4      11       1      17      14
   70800      13      19      12       6      15       9       3       8       7      10      20       5       2      16      18       4      11      17       1      14
   70900      13      19       6      12       9      15       3       8      10       7       5      20       2      16      18       4      17      11      14       1
   71000      13       6      19      12       9       3      15      10       8       7       5       2      20      18      16       4      17      14      11       1
   71100       6      13      12      19       3       9      15      10       7       8       2       5      18      20      16       4      14      17       1      11
   71200       6      13      12      19       3      15       9       7      10       8       2      18       5      20      16       4      14       1      17      11
   71300       6      13      12      19       3      15       9       7      10       8      18       2      20       5      16       4       1      14      11      17
   71400       6      13      12       3      19       9      15       7      10       8      18      20       2      16       5       4       1      11      14      17
   71500      13       6      12       3      19       9      15       7       8      10      20      18       2      16       4       5      11       1      17      14
   71600      13      12       6      19       3      15       9       7       8      20      10       2      18       4      16       5      11       1      17      14
   71700      12      13       6      19       3      15       7       9      20       8       2      10      18       4       5      16       1      11      14      17
   71800      12      13       6       3      19       7      15      20       9       2       8      18      10       5       4      16       1      14      11      17
   71900      13      12       6       3       7      19      15      20       9       2       8      18       5      10      16       4       1      14      11      17
   72000      13      12       6       7       3      15      19       9      20       8       2       5      18      10      16       1       4      11      14      17
   72100      13      12       6       7       3      15       9      19      20       8       2       5      10      18      16       1      11       4      17      14
   72200      13       6      12       3       7       9      15      19      20       8       2      10       5      16      18       1      11       4      17      14
   72300      13       6      12       3       7       9      19      15       8      20      10       2      16       5      18       1       4      11      14      17
   72400      13      12       6       3       7      19       9       8      15      10      20       2      16      18       5       4       1      14      11      17
   72500      13      12       6       3      19       7       8       9      15      10       2      20      18      16       5       4       1      14      17      11
   72600      13      12       6      19       3       8       7      15       9       2      10      20      18       5      16       1       4      17      14      11
   72700      13      12       6      19       3       8      15       7       9       2      10      20       5      18       1      16       4      17      11      14
   72800      13       6      12       3      19      15       8       9       7       2      10      20       5      18       1      16       4      11      17      14
   72900      13       6      12       3      15      19       9       8       2       7      10      20      18       5      16       1       4      11      14      17
   73000      13      12       6       3      15      19       9       8       2       7      10      20      18      16       5       4       1      14      11      17
   73100      13      12       3       6      19      15       8       9       7       2      20      10      18      16       5       4       1      14      17      11
   73200      13      12       3       6      19      15       8       7       9      20       2      18      10       5      16       1       4      17      14      11
   73300      12      13       6       3      19      15       7       8       9      20      18       2      10       5      16       1       4      17      11      14
   73400      12       6      13      19       3       7      15       9       8      18      20       2      10      16       5       4       1      11      17      14
   73500      12       6      13      19       7       3       9      15       8      18       2      20      10      16       5       4       1      11      14      17
   73600      12      13       6      19       7       3       9       8      15       2      18      20      10      16       5       1       4      14      11      17
   73700      12      13       6      19       3       7       8       9      15       2      20      18      10      16       5       1      14       4      17      11
   73800      12       6      13      19       3       7       8      15       9      20       2      18      10       5      16      14       1      17       4      11
   73900      12       6      13      19       3       7      15       8      20       9      18       2      10       5      16      14       1      17       4      11
   74000      12       6      13       3      19      15       7      20       8       9      18      10       2      16       5       1      14       4      17      11
   74100      12       6       3      13      19      15      20       7       8       9      10      18       2      16       5       1       4      14      17      11
   74200      12       6       3      13      19      15      20       7       8       9      10       2      18       5      16       1       4      17      14      11
   74300      12       6      13       3      19      15       7      20       9       8      10       2      18       5       1      16       4      17      11      14
   74400      12      13       6      19       3      15       7       9      20       8      10      18       2       5       1      16       4      11      17      14
   74500      12      13       6      19      15       3       7       9       8      20      18      10       5       2      16       1       4      11      14      17
   74600      12       6      13      19      15       3       7       8       9      20      18       5      10       2      16       4       1      14      11      17
   74700      12       6      19      13       3      15       8       7      20       9       5      18      10       2       4      16      14       1      17      11
   74800      12       6      19      13       3       8      15      20       7       9       5      10      18       2       4      16      14       1      17      11
   74900      12       6      13      19       3       8      20      15       9       7      10       5       2      18      16       4       1      14      11      17
   75000      12       6      13      19       3       8      20      15       9      10       7       2       5      18      16       1       4      11      14      17
   75100      12       6      13      19       3       8      15      20       9      10       7       2       5      18      16       1       4      11      17      14
   75200      12       6      13      19       3      15       8       9      20       7      10       5       2      18      16       4       1      17      11      14
   75300      12       6      19      13       3      15       8       9      20       7       5      10      18       2       4      16       1      17      11      14
   75400      12       6      19       3      13       8      15      20       9       5       7      10      18       2       4      16       1      11      17      14
   75500      12       6      19       3      13       8      15      20       9       5      10       7       2      18      16       4      11       1      14      17
   75600      12       6      19      13       3      15       8       9      20      10       5       2       7      18      16       4      11       1      14      17
   75700       6      12      13      19      15       3       9       8      10      20       2       5       7      18      16       4       1      11      17      14
   75800       6      12      13      19      15       3       9      10       8       2      20       7       5      18      16       1       4      17      11      14
   75900      12       6      13      19       3      15       9      10       2       8      20       7      18       5      16       1       4      17      11      14
   76000      12       6      13      19       3      15       9       2      10       8      20       7      18      16       5       4       1      11      17      14
   76100      12       6      19      13      15       3       9       2       8      10       7      20      18      16       5       4      11       1      14      17
   76200      12      19       6      13      15       3       9       8       2       7      10      20      18      16       5       4      11       1      14      17
   76300      19      12       6      13      15       3       9       8       2       7      10      20      18      16       4       5      11       1      17      14
   76400      19       6      12      13      15       3       9       2       8       7      10      20      18      16       4       5      11       1      17      14
   76500       6      19      13      12       3      15       2       9       7       8      10      20      16      18       5       4       1      11      14      17
   76600       6      13      19      12       3      15       2       9       7      10       8      16      20       5      18       1       4      14      11      17
   76700       6      13      12      19       3      15       9       2       7      10       8      16       5      20      18       1       4      14      11      17
   76800       6      13      12      19       3      15       9       7       2       8      10       5      16      18      20       4       1      11      14      17
   76900       6      13      12      19       3      15       9       7       8       2      10       5      18      16      20       4      11       1      17      14
   77000       6      12      13       3      19      15       9       8       7      10       2      18       5      20      16      11       4       1      17      14
   77100       6      12      13       3      19      15       9       8      10       7      18       2      20       5      16      11       4       1      14      17
   77200       6      12      13      19       3       9      15      10       8      18       7       2      20      16       5       4      11      14       1      17
   77300       6      12      19      13       3       9      10      15      18       8       2       7      16      20       5       4      11      14      17       1
   77400       6      19      12      13       3      10       9      15      18       8       2       7      16       5      20      11       4      17      14       1
   77500       6      19      12      13       3      10       9      15       8      18       7       2       5      16      20      11       4      17       1      14
   77600       6      19      12      13       3       9      10       8      15       7      18       2       5      20      16      11       4       1      17      14
   77700       6      19      13      12       3       9       8      10      15       7       2      18      20       5      11      16       4       1      14      17
   77800       6      19      13      12       3       8       9      15      10       2       7      18      20       5      11      16       4       1      14      17
   77900       6      19      12      13       3       8      15       9       2      10      18       7       5      20      16      11       4       1      17      14
   78000       6      19      12       3      13      15       8       2       9      18      10       7       5      16      20       4      11       1      17      14
   78100       6      19      12       3      13      15       2       8      18       9      10       7       5      16      20       4       1      11      14      17
   78200       6      19      12      13       3      15       2      18       8       9      10       7       5      20      16       1       4      11      14      17
   78300       6      19      13      12       3      15       2      18       9       8      10       7      20       5       1      16      11       4      17      14
   78400       6      13      19       3      12      15       2       9      18       8      10       7      20       1       5      16      11       4      17      14
   78500       6      13      19       3      12      15       9       2      18       8       7      10      20       1      16       5       4      11      14      17
   78600       6      19      13      12       3       9      15      18       2       7       8      10      20      16       1       5       4      11      14      17
   78700       6      19      12      13       3       9      18      15       7       2      10       8      20      16       5       1      11       4      17      14
   78800       6      19      12      13       3      18       9       7      15      10       2      20       8      16       5      11       1       4      17      14
   78900       6      19      13      12       3      18       9       7      15      10       2      20       8      16       5      11       4       1      14      17
   79000       6      13      19      12       3       9      18       7      15      10       2       8      20      16       5       4      11       1      14      17
   79100       6      13      19      12       3       9      18       7      15      10       2       8      16      20       5       4       1      11      17      14
   79200       6      19      13      12       3      18       9      15       7       2      10       8      16      20       5       1       4      11      17      14
   79300       6      19      12      13       3      18      15       9       2       7       8      10      20      16       5       1      11       4      14      17
   79400       6      12      19      13       3      15      18       9       2       8       7      10      20       5      16      11       1      14       4      17
   79500      12       6      13      19       3      15       9      18       2       8      10       7       5      20      16      11      14       1       4      17
   79600      12       6      13      19       3      15       9       2      18      10       8       7       5      16      20      11      14       4       1      17
   79700      12       6      19      13       3      15       9       2      10      18       7       8      16       5      20      11       4      14       1      17
   79800      12       6      19       3      13      15       9      10       2      18       7       8      16      20       5       4      11       1      14      17
   79900       6      12      19       3      13      15      10       9      18       2       8       7      20      16       4       5      11       1      14      17
   80000       6      12      19      13       3      10      15      18       9       8       2      20       7      16       4       5      11       1      14      17
   80100       6      12      13      19       3      10      15      18       8       9      20       2       7      16       5       4       1      11      17      14
   80200       6      12      13      19       3      15      10      18       8       9      20       2       7      16       5       4       1      11      17      14
   80300       6      12      19      13      15       3      18      10       9       8      20       2      16       7       5       4      11       1      14      17
   80400       6      19      12      13      15       3      18       9      10      20       8      16       2       7       5      11       4       1      14      17
   80500       6      19      12      13       3      15       9      18      20      10      16       8       7       2       5      11       1       4      17      14
   80600       6      19      12       3      13       9      15      20      18      10      16       7       8       5       2      11       1       4      17      14
   80700       6      19      12       3      13       9      20      15      10      18       7      16       5       8       2      11       4       1      14      17
   80800       6      19      12      13       3      20       9      10      15      18       7       5      16       2       8      11       4      14       1      17
   80900       6      19      13      12      20       3       9      10      18      15       7       5       2      16       8      11       4      14      17       1
   81000       6      19      13      12      20       3       9      18      10      15       7       2       5       8      16       4      11      14      17       1
   81100       6      19      12      13       3      20      18       9      15      10       2       7       8       5      16       4      14      11       1      17
   81200       6      19      12      13       3      18      20      15       9      10       2       8       7      16       5       4      14      11       1      17
   81300       6      19      12      13       3      18      15      20      10       9       2       8      16       7       5       4      11      14       1      17
   81400       6      12      19      13       3      15      18      10      20       2       9       8      16       7       5      11       4       1      14      17
   81500      12       6      13      19      15       3      10      18       2      20       9       8       7      16       5      11       4       1      17      14
   81600      12       6      13      19      15      10       3       2      18       9      20       7       8      16       5      11       4       1      17      14
   81700       6      12      19      13      10      15       3       2       9      18      20       7      16       8      11       5       1       4      14      17
   81800       6      12      19      13      10       3      15       9       2      18      20      16       7       8      11       5       1       4      14      17
   81900       6      12      19      13       3      10       9      15       2      18      16      20       8       7       5      11       4       1      17      14
   82000       6      12      19      13       3      10       9       2      15      16      18       8      20       7       5       4      11       1      17      14
   82100       6      12      13      19      10       3       9       2      15      16       8      18       7      20       4       5       1      11      14      17
   82200       6      12      13      19      10       9       3      15       2      16       8      18       7      20       4       5       1      11      14      17
   82300       6      12      19      13       9      10      15       3      16       2      18       8       7      20       5       4       1      11      17      14
   82400       6      19      12      13       9      15      10       3      16       2      18       7       8      20       5       4       1      17      11      14
   82500       6      19      13      12       9      15       3      10       2      16      18       7       8      20       4       5      17       1      14      11
   82600       6      13      19      12       9       3      15       2      10      18      16       8       7      20       4       5      17       1      14      11
   82700       6      13      12      19       9       3      15       2      10      18       8      16      20       7       5       4       1      17      11      14
   82800       6      12      13      19       9      15       3      10       2       8      18      20      16       7       5       1       4      11      17      14
   82900       6      12      19      13      15       9      10       3       2       8      20      18       7      16       5       1       4      11      17      14
   83000       6      19      12      13      15      10       9       2       3      20       8      18       7      16       5       4       1      17      11      14
   83100       6      19      13      12      15      10       2       9      20       3      18       8      16       7       4       5      17       1      14      11
   83200       6      13      19      12      15       2      10       9      20      18       3       8      16       7       4       5      17      14       1      11
   83300       6      13      12      19       2      15       9      10      18      20       8       3       7      16       5       4      17      14      11       1
   83400       6      12      13      19       2       9      15      10      18       8      20       3       7       5      16      17       4      11      14       1
   83500       6      12      19      13       9       2      10      15       8      18       3      20       7       5      16      17      11       4       1      14
   83600       6      12      19      13       9       2      10       8      15       3      18       7      20      16       5      11      17       4       1      14
   83700       6      12      13      19       2       9       8      10       3      15      18       7      16      20       5      11       4      17      14       1
   83800       6      12      13      19       2       9       8      10       3      18      15       7      16      20       5       4      11      14      17       1
   83900       6      12      13      19       9       2      10       8      18       3      15       7      20      16       4       5      14      11       1      17
   84000       6      12      13      19       9      10       2      18       8      15       3       7      20      16       4       5      14       1      11      17
   84100       6      12      19      13      10       9      18       2      15       8       3       7      20      16       5       4       1      14      17      11
   84200       6      19      12      13      10       9      18       2      15       3       8      20       7      16       5       4       1      17      14      11
   84300       6      19      12      13       9      10       2      18      15       3       8      20       7      16       4       5       1      17      11      14
   84400       6      12      19       9      13       2      10      15      18       8       3       7      20      16       4       1       5      11      17      14
   84500       6      12       9      19      13       2      15      10       8      18       3       7      20      16       4       1       5      11      14      17
   84600       6      12       9      19      13      15       2       8      10       3      18       7      20      16       4       5       1      11      14      17
   84700       6      12      19       9      13      15       2       8       3      10       7      18      16      20       5       4       1      11      14      17
   84800       6      19      12      13       9       2      15       8       3      10       7      18      16      20       5       4       1      11      14      17
   84900       6      19      12      13       2       9      15       8      10       3      18       7      20      16       5       4      11       1      14      17
   85000       6      12      19      13       2      15       9      10       8      18       3      20       7      16       5       4      11      14       1      17
   85100       6      12      13      19       2      15      10       9      18       8      20       3      16       7       5       4      11      14      17       1
   85200       6      13      12      19       2      10      15      18       9       8      20       3      16       7       5       4      11      14      17       1
   85300       6      13      12      19       2      10      15      18       8       9       3      20       7      16       4       5      14      11       1      17
   85400       6      12      13       2      19      15      10       8      18       9       3       7      20      16       4       5      14       1      11      17
   85500       6      12       2      13      19      15      10       8       9      18       3       7      20      16       5       4       1      14      11      17
   85600       6      12       2      13      19      15      10       9       8       3      18       7      20       5      16       4       1      11      14      17
   85700       6      12      13       2      19      15       9      10       3       8       7      18       5      20      16       4      11       1      17      14
   85800       6      13      12       2      19       9      15       3      10       8       7      18       5      16      20       4      11      17       1      14
   85900       6      13      12       2      19       9      15       3       8      10      18       7      16       5      20       4      17      11      14       1
   86000       6      13      12      19       2      15       9       8       3      10      18      16       7      20       5       4      17      11      14       1
   86100       6      13      12      19       2      15       9       8      10       3      18      16      20       7       5       4      11      17       1      14
   86200       6      12      13      19       2       9      15      10       8      18       3      20      16       7       5      11       4       1      17      14
   86300       6      12      13      19       9       2      15      10      18       8      20       3      16       7       5      11       1       4      14      17
   86400       6      13      12       9      19      15       2      18      10       8      20       3      16       7       5       1      11       4      14      17
   86500      13       6       9      12      15      19       2      18      10       8       3      20       7      16       1       5       4      11      17      14
   86600      13       6       9      12      15      19       2      10      18       3       8       7      20      16       1       4       5      11      17      14
   86700      13       6      12       9      19      15      10       2      18       3       7       8      16      20       4       1       5      11      14      17
   86800      13       6      12      19       9      10      15      18       2       7       3       8      16      20       4       5       1      14      11      17
   86900      13       6      12      19      10       9      15      18       2       7       8       3      20      16       5       4       1      14      11      17
   87000      13       6      12      19      10      15       9       2      18       8       7       3      20       5      16       4       1      11      14      17
   87100       6      13      19      12      15      10       2       9       8      18       3       7      20       5       4      16       1      11      14      17
   87200       6      13      19      12      15       2      10       9       8      18       3      20       7       4       5      16       1      14      11      17
   87300      13       6      12      19       2      15       9      10      18       8      20       3       7       4      16       5       1      14      11      17
   87400      13      12       6       2      19      15       9      18      10       8      20       7       3      16       4       5       1      11      14      17
   87500      13      12       6       2      15      19      18       9       8      10      20       7      16       3       5       4      11       1      14      17
   87600      13       6      12      15       2      18      19       9       8      20      10      16       7       3       5       4      11       1      14      17
   87700      13       6      15      12       2      18      19       9       8      20      16      10       3       7       4       5       1      11      14      17
   87800      13       6      15      12       2      19      18       8       9      16      20      10       3       7       4       5       1      11      14      17
   87900      13       6      12      15      19       2       8      18       9      16      10      20       7       3       5       4      11       1      17      14
   88000      13      12       6      19      15       2       8      18       9      10      16       7      20       5       3       4      11      17       1      14
   88100      13      12       6      19      15       2      18       8      10       9       7      16       5      20       3       4      17      11       1      14
   88200      13      12       6      19      15       2      18      10       8       7       9       5      16       3      20       4      17      11       1      14
   88300      13      12       6      19       2      15      18      10       8       7       5       9      16       3       4      20      11      17       1      14
   88400      13       6      12      19       2      18      15      10       8       7       5       9      16       4       3      20      11       1      17      14
   88500      13       6      12      19       2      18      15      10       7       8       9       5      16       4      20       3      11       1      14      17
   88600      13       6      12      19       2      15      18       7      10       9       8      16       5      20       4       3      11      14       1      17
   88700       6      13      12      19      15       2      18       7      10       9      16       8      20       5       3       4      11      14      17       1
   88800       6      13      12      15      19      18       2      10       7       9      16       8      20       3       5      11       4      14      17       1
   88900       6      13      15      12      19      18      10       2       9       7       8      16       3      20       5      11       4      14       1      17
   89000       6      13      15      19      12      10      18       9       2       8       7       3      16       5      20      11       4       1      14      17
   89100       6      13      19      15      12      10      18       9       8       2       7       3       5      16      20      11       4       1      17      14
   89200       6      13      19      12      15      18      10       8       9       7       2       3       5      20      16       4      11       1      17      14
   89300       6      13      12      19      18      15      10       8       7       9       3       2      20       5      16       4       1      11      14      17
   89400       6      13      12      19      18      10      15       8       7       3       9       2      20      16       5       1       4      11      14      17
   89500       6      13      19      12      10      18       8      15       3       7       2       9      20      16       5       1       4      11      14      17
   89600       6      13      19      12      10      18       8       3      15       2       7       9      20      16       5       4       1      11      14      17
   89700       6      13      12      19      10      18       3       8       2      15       9       7      16      20       5       4      11       1      17      14
   89800       6      13      12      19      10       3      18       2       8       9      15      16       7      20       5       4      11       1      17      14
   89900      13       6      12      19       3      10       2      18       8       9      16      15      20       7       5       4       1      11      14      17
   90000      13       6      12      19       3       2      10      18       8       9      16      15      20       5       7       4       1      14      11      17
   90100      13       6      19      12       2       3      18      10       9       8      15      16      20       5       7       4      14       1      17      11
   90200      13       6      19      12       2      18       3      10       9      15       8      20      16       7       5       4      14       1      17      11
   90300      13       6      12      19      18       2      10       3      15       9       8      20       7      16       5       4       1      14      11      17
   90400      13       6      12      19      18      10       2      15       3       8       9       7      20      16       5       4       1      11      14      17
   90500       6      13      12      19      10      18      15       2       8       3       7       9      20      16       5       4      11       1      14      17
   90600       6      13      12      19      10      15      18       8       2       3       7      20       9      16       5      11       4      14       1      17
   90700       6      13      12      19      15      10      18       8       3       2      20       7       9      16       5      11       4      14       1      17
   90800       6      12      13      19      15      10      18       3       8      20       2       9       7      16       5       4      11       1      14      17
   90900       6      12      13      19      10      15       3      18      20       8       2       9      16       7       5       4       1      11      14      17
   91000       6      13      12      19      10       3      15      18      20       2       8       9      16       5       7       1       4      14      11      17
   91100       6      13      19      12       3      10      15      18       2      20       9       8      16       5       1       7       4      14      11      17
   91200       6      13      19      12       3      15      10      18       2       9      20       8      16       5       1       7       4      11      14      17
   91300       6      13      12      19      15       3      18      10       2       9       8      20      16       5       7       1      11       4      17      14
   91400       6      13      12      19      15      18       3       2      10       9       8      20      16       7       5       1      11       4      17      14
   91500       6      13      19      12      15      18       3       2       9      10      20       8       7      16       1       5      11       4      14      17
   91600       6      13      19      12      15       3      18       9       2      20      10       8       7      16       1       5      11      14       4      17
   91700       6      13      12      19      15       3       9      18      20       2      10       8      16       7       5       1      14      11       4      17
   91800       6      12      13      15      19       9       3      18      20      10       2       8      16       7       5      14       1       4      11      17
   91900       6      12      15      13      19       9       3      18      10      20       8       2       7      16       5      14       1       4      11      17
   92000       6      12      15      19      13       3       9      10      18       8      20       2       7      16       5       1      14      11       4      17
   92100       6      12      19      15      13       3      10       9       8      18       2      20      16       7       5       1      11      14       4      17
   92200       6      12      19      13      15       3      10       8       9      18       2      16      20       7       5      11       1       4      14      17
   92300       6      12      13      19       3      15      10       8      18       9       2      16      20       7       5      11       4       1      14      17
   92400       6      13      12       3      19      10      15      18       8       2       9      20      16       5       7       4      11       1      14      17
   92500       6      13      12       3      19      10      15      18       2       8      20       9      16       5       4       7       1      11      14      17
   92600       6      12      13      19       3      15      10       2      18      20       8      16       9       5       4       7       1      11      14      17
   92700       6      12      19      13      15       3      10       2      20      18       8      16       5       9       7       4      11       1      17      14
   92800       6      19      12      13      15       3      10      20       2      18       8      16       5       9       7       4      11       1      17      14
   92900       6      19      13      12       3      15      10      20      18       2      16       8       9       5       7       4      11       1      14      17
   93000       6      13      19      12       3      10      15      18      20       2      16       8       9       7       5       4      11       1      14      17
   93100       6      13      12      19      10       3      15      18       2      20       8      16       9       7       5       4       1      11      14      17
   93200       6      12      13      19      10      15       3      18       2      20       8       9      16       5       7       4       1      11      14      17
   93300       6      12      13      19      15      10      18       3      20       2       9       8      16       5       4       7       1      11      14      17
   93400       6      13      12      19      15      18      10       3      20       9       2       8      16       5       4       7       1      14      11      17
   93500       6      13      19      12      15      18       3      10       9      20       8       2       5      16       7       4      14       1      11      17
   93600       6      13      19      12      15       3      18       9      10       8      20       2       5       7      16       4      14      11       1      17
   93700       6      13      12      19       3      15      18       9      10       8       2      20       5       7      16       4      11      14       1      17
   93800       6      12      13      19       3      18      15      10       9       8       2      20       5       7      16       4      11       1      14      17
   93900       6      12      13      19       3      18      15      10       8       9      20       2       7       5      16       4       1      11      14      17
   94000       6      13      12       3      19      15      18       8      10      20       9       2       7      16       5       1       4      11      14      17
   94100       6      13      12       3      19      15      18       8      20      10       2       9       7      16       5       1       4      11      14      17
   94200       6      13      12      19       3      15      18      20       8       2      10       9       7       5      16       4       1      11      14      17
   94300       6      13      19      12       3      15      18      20       2       8      10       9       5       7      16       4      11       1      14      17
   94400       6      13      19      12       3      15      18       2      20      10       8       9       5       7      16      11       4      14       1      17
   94500       6      13      12      19      15       3       2      18      10      20       9       8       7       5      16      11       4      14       1      17
   94600       6      12      13      15      19       2       3      18      10       9      20       8       7      16       5       4      11      14       1      17
   94700       6      12      13      15      19       2       3      18       9      10       8      20       7      16       5       4      14      11       1      17
   94800       6      13      12      15      19       3       2       9      18       8      10       7      20       5      16       4      14      11       1      17
   94900       6      13      15      12       3      19       9       2       8      18      10       7      20       5      16       4      11      14       1      17
   95000       6      15      13      12       3      19       9       2       8      18      10      20       7      16       5       4      11       1      14      17
   95100       6      15      12      13      19       3       9       2      18       8      20      10      16       7       5       4      11       1      14      17
   95200       6      12      15      13      19       3       9      18       2      20       8      10      16       7       5      11       4       1      14      17
   95300       6      12      13      15       3      19      18       9      20       2      10       8       7      16       5      11       4       1      14      17
   95400       6      13      12      15       3      19      18      20       9      10       2       8       7      16       5       4      11      14       1      17
   95500       6      13      15      12      19       3      18      20      10       9       8       2      16       7       5       4      14      11       1      17
   95600       6      13      15      12      19      18       3      10      20       8       9       2      16       7       5       4      14       1      11      17
   95700       6      13      12      15      19      18       3      10       8      20       2       9       7      16       5       4       1      14      11      17
   95800       6      13      12      19      15       3      18       8      10       2      20       9       7       5      16       1       4      11      14      17
   95900       6      13      19      12      15       3       8      18       2      10       9      20       7       5      16       1       4      11      14      17
   96000       6      19      13      12      15       8       3      18       2       9      10      20       7      16       5       4       1      14      11      17
   96100       6      19      12      13      15       8       3      18       2       9      10      20       7      16       5       4      14       1      11      17
   96200       6      12      19      15      13       3       8       2      18      10       9       7      20       5      16       4      14      11       1      17
   96300       6      12      19      15      13       3       2       8      10      18       9       7      20       5      16       4      11      14       1      17
   96400       6      19      12      13      15       2       3      10       8       9      18      20       7      16       5       4      11       1      14      17
   96500       6      19      13      12      15       2      10       3       9       8      20      18      16       7       5       4      11       1      14      17
   96600       6      13      19      12      15      10       2       9       3      20       8      16      18       5       7      11       4      14       1      17
   96700       6      13      12      19      10      15       9       2      20       3      16       8      18       5       7      11      14       4       1      17
   96800       6      12      13      19      10      15       9       2      20       3      16      18       8       5       7      11      14       4       1      17
   96900       6      12      19      13      15      10       2       9       3      20      18      16       5       8       7      11       4      14       1      17
   97000       6      12      19      13      15       2      10       3       9      18      20      16       5       8       7       4      11      14       1      17
   97100       6      12      13      19       2      15       3      10      18       9      16      20       8       5       4       7      14      11       1      17
   97200       6      13      12      19       2      15       3      10      18       9      16       8      20       5       4       7      14      11       1      17
   97300       6      13      12      19      15       2      10       3       9      18       8      16       5      20       7       4      11      14       1      17
   97400       6      13      12      19      15      10       2       9       3      18       8      16       5       7      20      11       4       1      14      17
   97500       6      13      12      19      15      10       2       9      18       3      16       8       7       5      20      11       4       1      17      14
   97600       6      12      13      19      15       2      10      18       9      16       3       8       7      20       5       4      11       1      17      14
   97700       6      12      19      13       2      15      18      10       9      16       3       8       7      20       5       4      11       1      14      17
   97800       6      12      19      13       2      18      15       9      10       3      16       8       7      20       5      11       4      14       1      17
   97900       6      12      19      13      18       2      15       9       3      10       8      16      20       7      11       5       4      14       1      17
   98000       6      12      19      13      18      15       2       3       9      10       8      16      20      11       7       5       4      14       1      17
   98100       6      12      13      19      15      18       3       2      10       9      16       8      20      11       5       7       4      14       1      17
   98200       6      13      12      19      15       3      18       2      10       9      16       8      20       5      11       7       4       1      14      17
   98300       6      13      12      19      15       3      18       2      10       9       8      16      20       5       7      11       1       4      14      17
   98400       6      13      12      15      19      18       3       2      10       8       9      16      20       7       5      11       1       4      14      17
   98500       6      13      12      15      18      19       2       3       8      10       9      16       7      20       5      11       4       1      14      17
   98600       6      12      13      15      18       2      19       8       3      10       9      16       7      20       5      11       4      14       1      17
   98700       6      12      13      15       2      18      19       8       3      10       9      16      20       7       5      11      14       4       1      17
   98800       6      12      13      15       2      19      18       3       8       9      10      20      16       5       7      11      14       4       1      17
   98900       6      12      13      15       2      19      18       3       8       9      10      20      16       5       7      11       4      14       1      17
   99000       6      13      12      15       2      18      19       8       3      10       9      16      20       7       5       4      11       1      14      17
   99100       6      13      12      15      18       2       8      19      10       3       9      16      20       7       4       5      11       1      14      17
   99200       6      13      12      15      18       2       8      10      19       9       3      20      16       7       4       5      11      14       1      17
   99300       6      13      12      15       2      18      10       8      19       9       3      20       7      16       5       4      14      11       1      17
   99400       6      13      12      15       2      10      18      19       8       3       9       7      20      16       5      14       4      11       1      17
   99500       6      13      12      15      10       2      19      18       3       8       7       9      16      20      14       5      11       4       1      17
   99600       6      12      13      10      15      19       2       3      18       7       8      16       9      20      14       5      11       1       4      17
   99700       6      12      13      10      15      19       2       3       7      18       8      16      20       9       5      14      11       1       4      17
   99800       6      13      12      15      10       2      19       7       3       8      18      20      16       5       9      11      14       4       1      17
   99900       6      13      12      15       2      10      19       7       8       3      18      20      16       5       9      11       4      14       1      17
  100000       6      12      13      15       2      10      19       8       7      18       3      20      16       9       5      11       4       1      14      17
  100100       6      12      13      15      10       2       8      19       7      18       3      20       9      16      11       5       1       4      14      17
  100200       6      12      13      15      10       2       8      19       7       3      18      20       9      16      11       5       1      14       4      17
  100300       6      12      13      15       2      10      19       8       3       7      18      20      16       9       5      11      14       1       4      17
  100400       6      12      13       2      15      19      10       3       8      18       7      20      16       9       5      11      14       4       1      17
  100500       6      12      13       2      15      19       3      10      18       8      20       7       9      16       5      11      14       4      17       1
  100600       6      13      12      15       2      19       3      10      18      20       8       9       7      16       5      11      14       4      17       1
  100700      13       6      12      15      19       2      10       3      18      20       9       8      16       7      11       5       4      14       1      17
  100800      13       6      12      15      19      10       2      18       3      20       9      16       8      11       7       5       4      14       1      17
  100900      13       6      15      12      10      19      18       2      20       3      16       9       8      11       7       5       4      14       1      17
  101000      13       6      15      12      10      19      18       2      20      16       3       8       9       7      11       5       4       1      14      17
  101100       6      13      15      12      19      10       2      18      16      20       8       3       9       7       5      11       4       1      14      17
  101200       6      15      13      12      19       2      10      16      18       8      20       3       9       7       5       4      11      14       1      17
  101300       6      15      13      12       2      19      10      16      18       8       3      20       9       7       5       4      14      11       1      17
  101400       6      13      15      12       2      10      19      18      16       3       8      20       9       7       5       4      14       1      11      17
  101500       6      13      12      15      10       2      19      18       3      16      20       8       7       9       4       5      14       1      11      17
  101600       6      12      13      15      10      19       2      18       3      20      16       8       7       4       9       5      14      11       1      17
  101700       6      12      15      13      10      19      18       2      20       3      16       8       7       4       9       5      11      14       1      17
  101800       6      15      12      13      10      18      19      20       2       3      16       8       7       9       4       5      11      14       1      17
  101900       6      15      13      12      10      18      20      19       3       2       8      16       9       7       5       4      11      14       1      17
  102000       6      13      15      12      10      20      18       3      19       8       2      16       9       7       5      11       4      14       1      17
  102100       6      13      12      15      10      20      18       3       8      19       2      16       7       9       5      11      14       4       1      17
  102200       6      12      13      15      10      18      20       8       3       2      19      16       7       5       9      11      14       4       1      17
  102300       6      12      15      13      10      18       8      20       2       3      19      16       7       5       9      11       4      14       1      17
  102400       6      15      12      13      10       8      18       2      20      19       3       7      16       9       5       4      11      14       1      17
  102500       6      15      13      12       8      10       2      18      19      20       7       3       9      16       5       4      11      14       1      17
  102600       6      13      15      12       8       2      10      19      18      20       7       3       9      16       5      11       4      14       1      17
  102700       6      13      15      12       2       8      10      19      20      18       3       7      16       9       5      11       4      14       1      17
  102800       6      13      15      12       2      10       8      20      19       3      18      16       7       5       9       4      11      14       1      17
  102900       6      13      12      15       2      10      20       8       3      19      16      18       5       7       9       4      14      11       1      17
  103000       6      13      12      15       2      20      10       3       8      19      16      18       5       9       7       4      14      11       1      17
  103100       6      13      12      15       2      20      10       3      19       8      18      16       9       5       7       4      11      14       1      17
  103200       6      12      13      15       2      10      20      19       3      18       8       9      16       7       5       4      11      14       1      17
  103300       6      12      15      13      10       2      19      20      18       3       9       8       7      16       5       4      11      14       1      17
  103400       6      12      15      13      10      19       2      18      20       3       9       8       7      16       5      11       4       1      14      17
  103500       6      12      13      15      10      19       2      18       3      20       8       9      16       7      11       5       4       1      17      14
  103600       6      12      13      15      10       2      19       3      18       8      20      16       9       7      11       4       5      17       1      14
  103700       6      12      13      15       2      10       3      19       8      18      16      20       7       9      11       4       5      17      14       1
  103800       6      12      13      15       2       3      10      19       8      16      18      20       7       9      11       5       4      14      17       1
  103900       6      12      13      15       3       2      10      19      16       8      20      18       9       7       5      11      14       4       1      17
  104000       6      12      13      15       3      10       2      19      16      20       8       9      18       7       5      11      14       1       4      17
  104100       6      12      15      13      10       3      19       2      20      16       8       9      18       7       5      11       1      14       4      17
  104200       6      12      15      13      10       3      19      20       2      16       8      18       9       5       7      11       1       4      14      17
  104300       6      12      13      15      10       3      20      19      16       2       8      18       9       5      11       7       4       1      14      17
  104400       6      12      13      10      15      20       3      19      16       2       8      18       9       5      11       7       4      14       1      17
  104500       6      12      13      10      15      20      19       3       2      16      18       8       9       5       7      11      14       4       1      17
  104600       6      12      13      15      10      19      20       2       3      18      16       9       8       7       5      14      11       1       4      17
  104700       6      12      13      15      19      10      20       2      18       3      16       9       7       8      14       5      11       1       4      17
  104800       6      12      13      15      19      20      10       2      18      16       3       9       7       8      14      11       5       4       1      17
  104900       6      12      15      13      20      19      10       2      16      18       3       9       8       7      11      14       5       4      17       1
  105000       6      12      15      13      20      10      19      16       2       3      18       8       9       7      11       5      14       4      17       1
  105100       6      12      13      15      10      20      19      16       2       3       8      18       7       9       5      11      14       4       1      17
  105200       6      12      13      10      15      19      20       2      16       3       8       7      18       5       9      11      14       1       4      17
  105300       6      12      13      10      19      15       2      20       3      16       8       7      18       5       9      11      14       1       4      17
  105400       6      13      12      10      19      15       2      20       3      16       8      18       7       9       5      11      14       4       1      17
  105500       6      13      12      10      15      19      20       2       3      16       8      18       7       9       5      11       4      14       1      17
  105600       6      12      13      15      10      20      19       3       2       8      16      18       7       9       5       4      11      14       1      17
  105700       6      12      15      13      20      10      19       3       8       2      16      18       9       7       5       4      11      14       1      17
  105800       6      12      15      13      20      10      19       8       3       2      16       9      18       7       5      11       4      14       1      17
  105900       6      12      13      15      10      20       8      19       2       3      16       9      18       7       5      11      14       4       1      17
  106000       6      13      12      15      10       8      20       2      19      16       3      18       9       7       5      11      14       4       1      17
  106100       6      13      12      15      10       8       2      20      16      19       3      18       7       9      11       5       4      14      17       1
  106200       6      12      13      15      10       2       8      16      20      19       3       7      18       9      11       5       4      14      17       1
  106300       6      12      13      15       2      10       8      16      19      20       7       3       9      18       5      11      14       4       1      17
  106400       6      13      12       2      15       8      10      19      16      20       7       3       9       5      18      11      14       1       4      17
  106500       6      13      12       2      15       8      10      19      20      16       3       7       5       9      18      11       1      14       4      17
  106600       6      12      13      15       2       8      10      20      19       3      16       7       5      18       9      11       1       4      14      17
  106700       6      12      13      15       8       2      20      10      19       3       7      16      18       5       9      11       4       1      14      17
  106800       6      12      13      15       8      20       2      19      10       7       3      18      16       9       5      11       4      14       1      17
  106900       6      12      15      13      20       8      19       2       7      10      18       3      16       9       5      11      14       4      17       1
  107000       6      12      15      20      13      19       8       7       2      10      18      16       3       5       9      14      11       4      17       1
  107100       6      12      15      20      13      19       7       8      10       2      16      18       5       3      14       9       4      11       1      17
  107200       6      12      15      13      20      19       7      10       8      16       2      18       5       3      14       9       4      11       1      17
  107300       6      12      13      15      20      19      10       7      16       8       2      18       3       5       9      14      11       4       1      17
  107400       6      12      13      15      20      10      19      16       7       2       8       3      18       5       9      11      14       1       4      17
  107500      12       6      13      15      10      20      16      19       2       7       8       3      18       5       9      11      14       1       4      17
  107600      12       6      13      10      15      20      16       2      19       8       7      18       3       9       5      14      11       4       1      17
  107700      12       6      13      10      15      20       2      16      19       8      18       7       3       9       5      14      11       4       1      17
  107800      12       6      13      15      10       2      20      19      16      18       8       3       7       9       5      11      14       4       1      17
  107900       6      12      15      13      10       2      19      20      18      16       3       8       9       7       5      11      14       4      17       1
  108000       6      12      15      13      10      19       2      20      18       3      16       9       8       7       5      11      14       4      17       1
  108100       6      12      13      15      10      19       2      20       3      18      16       9       8       7       5      11      14       4       1      17
  108200       6      12      13      10      15       2      19       3      20      18      16       8       9       5       7      14      11       1       4      17
  108300       6      12      13      10      15       2       3      19      18      20      16       8       9       5       7      14      11       1       4      17
  108400       6      13      12      15      10       2       3      18      19      16      20       8       9       5       7      11      14       4       1      17
  108500       6      13      12      15       2      10      18       3      16      19      20       8       5       9       7      11      14       4       1      17
  108600       6      12      13      15       2      10      18      16       3      19      20       8       5       7       9      14      11       4       1      17
  108700       6      12      13      15      10       2      16      18      19       3      20       8       7       5       9      14       4      11       1      17
  108800       6      13      12      15      10      16       2      19      18      20       3       8       7       9       5      14       4      11       1      17
  108900       6      13      12      15      16      10       2      19      18      20       8       3       9       7      14       5       4      11      17       1
  109000       6      12      13      15      16       2      10      18      19      20       8       9       3       7      14       5       4      11      17       1
  109100       6      12      13      15      16       2      18      10      19      20       9       8       3       7       5      14       4      11       1      17
  109200       6      12      13      15      16       2      18      10      19       9      20       3       8       7       5      14       4      11       1      17
  109300       6      12      13      15       2      16      10      18       9      19       3      20       7       8       5      14      11       4       1      17
  109400       6      13      12      15       2      10      16       9      18       3      19      20       7       8       5      11      14       4       1      17
  109500       6      13      12      15      10       2      16       9       3      18      19      20       8       7       5      11       4      14       1      17
  109600       6      13      12      15      10      16       2       9       3      19      18      20       8       7       5      11       4      14       1      17
  109700       6      13      15      12      16      10       2       9      19       3      20      18       7       8       5      11      14       4       1      17
  109800       6      13      15      12      16       2      10      19       9      20       3       7      18       8       5      11      14       1       4      17
  109900       6      13      12      15       2      16      10      19      20       9       7       3       8      18       5      11      14       1       4      17
  110000       6      12      13      15       2      10      16      20      19       7       9       3       8      18       5      11      14       4       1      17
  110100       6      12      15      13      10       2      16      20      19       7       3       9      18       8       5      11       4      14       1      17
  110200       6      12      15      13      10      16       2      19      20       3       7       9      18       5       8      11       4      14       1      17
  110300       6      12      13      15      16      10      19       2       3      20       9       7       5      18      11       8      14       4      17       1
  110400       6      12      13      15      16      10      19       2       3      20       9       7       5      18      11       8      14       4      17       1
  110500      12       6      13      15      10      16      19       2      20       3       7       9      18       5       8      11       4      14       1      17
  110600      12       6      13      15      10      19      16      20       2       7       3       9      18       8       5      11       4      14       1      17
  110700       6      12      15      13      10      19      16      20       7       2       9       3       8      18       5      11      14       4       1      17
  110800       6      12      15      13      10      16      19       7      20       9       2       3       8      18       5      11      14       4       1      17
  110900       6      12      13      15      10      16      19       7       9      20       3       2      18       8       5      11       4      14      17       1
  111000       6      13      12      15      10      16      19       9       7       3      20       2      18       5       8      11       4      14      17       1
  111100       6      13      12      15      10      16       9      19       3       7       2      20       5      18       8      11      14       4       1      17
  111200       6      12      13      10      15       9      16      19       3       2       7      20       5      18       8      14      11       1       4      17
  111300       6      12      13      10      15       9      19      16       2       3      20       7      18       5       8      14      11       1       4      17
  111400       6      12      13      15      10       9      19       2      16      20       3      18       7       8       5      11      14       4       1      17
  111500       6      12      15      13       9      10      19       2      20      16      18       3       7       8       5      11       4      14       1      17
  111600       6      12      15      13       9      10      19      20       2      16      18       3       7       5       8       4      11      14       1      17
  111700       6      12      13      15      10       9      19      20      16       2       3      18       5       7       8       4      14      11      17       1
  111800       6      12      13      15      10      19       9      16      20       2       3       5      18       7       8      14       4      11      17       1
  111900       6      12      15      13      19      10       9      16      20       2       3       5       7      18       8      14      11       4       1      17
  112000       6      15      12      13      19      10       9      20      16       3       2       5       7       8      18      14      11       4       1      17
  112100       6      15      12      13      10      19      20       9       3      16       2       5       7       8      18      14      11       4       1      17
  112200       6      12      15      13      10      20      19       9       3      16       2       7       5      18       8      14      11       4       1      17
  112300       6      12      13      15      10      20      19       9      16       3       2       7      18       5       8      14      11       4       1      17
  112400       6      12      13      15      10      19      20       9      16       2       3      18       7       5       8      11      14       4       1      17
  112500       6      12      15      13      10      19       9      20      16       2       3      18       5       7       8      11       4      14       1      17
  112600       6      15      12      13      10       9      19      16      20       3       2       5      18       8       7      11       4      14       1      17
  112700       6      15      12      13      10       9      19      16       3      20       2       5      18       8       7      11      14       4       1      17
  112800       6      15      12      13      10      19       9       3      16       2      20      18       5       7       8      14      11       4       1      17
  112900       6      15      12      13      10      19       3       9       2      16      18      20       7       5       8      14      11       4       1      17
  113000       6      12      15      13      10       3      19       9       2      16      18      20       7       8       5      11      14       4       1      17
  113100       6      12      13      15      10       3       9      19      16       2      20      18       8       7       5      11      14       4       1      17
  113200       6      12      13      15      10       9       3      19      16      20       2       8      18       7       5      11      14       4       1      17
  113300      12       6      15      13      10       9      19       3      20      16       2       8      18       7       5      11       4      14       1      17
  113400      12       6      15      10      13      19       9       3      20       2      16      18       8       7       5      11       4      14       1      17
  113500       6      12      15      10      13      19       9       3      20       2      18      16       8       7       5      11      14       4       1      17
  113600       6      15      12      13      10       9      19      20       3      18       2      16       8       7       5      11      14       4       1      17
  113700       6      15      13      12      10       9      19      20      18       3      16       2       7       8      11       5       4      14       1      17
  113800       6      15      13      12      10       9      19      18      20      16       3       7       2       8      11       5       4       1      14      17
  113900       6      15      12      13      10       9      19      18      16      20       3       7       8       2       5      11       4       1      14      17
  114000       6      12      15      13      10      19       9      16      18       3      20       7       8       2       5       4      11      14       1      17
  114100       6      12      15      13      10      19       9      16       3      18      20       7       2       8       4       5      11      14       1      17
  114200       6      12      15      13      10       9      19      16       3      20      18       2       7       8       4       5      11      14       1      17
  114300       6      12      15      13      10       9      19      16      20       3       2      18       8       7       5       4      11      14      17       1
  114400       6      12      15      13      10      19       9      20      16       2       3      18       8       7       5      11       4      14      17       1
  114500       6      12      15      13      19      10      20       9       2      16      18       3       7       8       5      11       4      14       1      17
  114600       6      15      12      13      19      10      20       2       9      16      18       3       7       5       8       4      11      14       1      17
  114700       6      15      12      13      10      19      20       2       9      16      18       3       7       5       8       4      14      11       1      17
  114800       6      15      12      13      10      20      19       9       2      16      18       3       7       5       8      14       4      11       1      17
  114900       6      15      12      13      10      20       9      19      16       2       3      18       5       7       8      14      11       4       1      17
  115000       6      12      15      13      10      20       9      16      19       3       2      18       5       7       8      11      14       4       1      17
  115100       6      12      15      13      10      20      16       9      19       3       2      18       7       5       8      11       4      14       1      17
  115200       6      12      15      10      13      16      20      19       9       2       3       7      18       5       8       4      11       1      14      17
  115300       6      12      10      15      13      16      19      20       2       9       3       7      18       5       8       4       1      11      17      14
  115400       6      12      10      13      15      19      16      20       2       9       3      18       7       5       8       4       1      11      17      14
  115500       6      12      13      10      15      19      20      16       9       2      18       3       5       7       8       4      11       1      14      17
  115600       6      12      13      10      15      19      20       9      16       2      18       3       5       7       8      11       4      14       1      17
  115700       6      12      10      13      15      19      20       9      16       2       3      18       7       5      11       8       4      14      17       1
  115800       6      12      10      15      13      20      19      16       9       3       2       7      18       5      11       8       4      14      17       1
  115900       6      12      15      10      13      20      19      16       9       3       7       2      18       5       8      11       4      14       1      17
  116000       6      12      15      13      10      19      20       9      16       7       3      18       2       5       8       4      11      14       1      17
  116100       6      12      13      15      10      19       9      20       7      16      18       3       2       5       8       4      14      11       1      17
  116200       6      13      12      10      15       9      19       7      20      18      16       2       3       8       5      14       4      11       1      17
  116300       6      13      12      10      15       9      19       7      20      18       2      16       8       3      14       5      11       4       1      17
  116400       6      12      13      15      10      19       9      20       7      18       2      16       8       3      14       5      11       4       1      17
  116500       6      12      15      13      10      19      20       9      18       7      16       2       3       8       5      14      11       4       1      17
  116600       6      12      15      13      10      20      19       9      18       7      16       2       3       5       8      11      14       4       1      17
  116700       6      12      13      15      10      20       9      19       7      18      16       2       3       5       8      11      14       4       1      17
  116800       6      12      13      10      15      20       9       7      19      16      18       2       3       8       5      11      14       4       1      17
  116900       6      12      10      13      15      20       9       7      19      16       2      18       3       8       5      11      14       4       1      17
  117000       6      12      10      15      13       9      20      19       7       2      16      18       3       5       8      14      11       4       1      17
  117100       6      12      15      10      13       9      20      19       2       7      16      18       3       5       8      14      11       4      17       1
  117200       6      12      15      10      13      20       9       2      19      16       7      18       3       8       5      11      14       4      17       1
  117300       6      12      10      15      13      20       9       2      16      19      18       7       3       8       5      11       4      14       1      17
  117400       6      12      10      13      15       9      20      16       2      19      18       3       7       5       8      11       4      14       1      17
  117500       6      12      10      13      15       9      20      16      19       2       3      18       5       7       8      11      14       4       1      17
  117600       6      12      10      15      13      20       9      19      16       3       2      18       5       8       7      14      11       1       4      17
  117700       6      12      15      10      13      20      19       9       3      16      18       2       8       5       7      14      11       1       4      17
  117800       6      12      15      13      10      19      20       3       9      18      16       2       8       7       5      11      14       4       1      17
  117900       6      12      13      15      10      19      20       3      18       9       2      16       7       8      11       5       4      14       1      17
  118000       6      12      13      15      10      19      20       3      18       2       9       7      16       8      11       5       4      14       1      17
  118100       6      12      15      13      10      19      20       3      18       2       7       9      16       8       5      11      14       4       1      17
  118200       6      15      12      10      13      20      19      18       3       7       2       9      16       5       8      14      11       1       4      17
  118300       6      15      12      10      13      20      18      19       7       3       9       2       5      16       8      14      11       1       4      17
  118400       6      15      12      13      10      18      20       7      19       9       3       2       5      16       8      14      11       4       1      17
  118500       6      15      13      12      18      10       7      20       9      19       2       3      16       5       8      14       4      11       1      17
  118600       6      13      15      12      18       7      10       9      20      19       2      16       3       8       5       4      14      11       1      17
  118700       6      13      12      15       7      18      10       9      19      20      16       2       3       8       4       5      14      11      17       1
  118800       6      12      13      15       7      10      18      19       9      16      20       2       3       8       4       5      14      11      17       1
  118900       6      12      15      13      10       7      19      18      16       9      20       2       3       8       5       4      11      14       1      17
  119000       6      12      15      13      10       7      19      18      16       9      20       3       2       8       5       4      11      14       1      17
  119100       6      12      15      13      10       7      18      19       9      16      20       3       2       8       5       4      14      11      17       1
  119200       6      12      15      13      10      18       7       9      19      20      16       2       3       5       8      14       4      11      17       1
  119300       6      12      13      15      10      18       7       9      20      19       2      16       5       3       8      14      11       4       1      17
  119400       6      12      13      10      15       7      18      20       9       2      19       5      16       3       8      11      14       1       4      17
  119500       6      12      13      10      15       7      20      18       2       9       5      19       3      16       8      11       1      14       4      17
  119600       6      12      13      15      10      20       7       2      18       5       9      19       3       8      16      11       1       4      14      17
  119700       6      12      13      15      10      20       2       7       5      18       9      19       8       3      16      11       4       1      14      17
  119800       6      12      13      15      10      20       2       5       7       9      18       8      19      16       3       4      11      14       1      17
  119900       6      12      13      15      10      20       2       5       9       7       8      18      19      16       3       4      14      11      17       1
  120000       6      12      13      15      10       2      20       9       5       7       8      19      18      16       3      14       4      11      17       1
  120100       6      12      13      15      10       2       9      20       7       5      19       8      16      18       3      14      11       4       1      17
  120200       6      13      12      10      15       2       9      20       7      19       5       8      16       3      18      11      14       4       1      17
  120300       6      13      12      10      15       2      20       9      19       7       8       5      16       3      18      11      14       4       1      17
  120400       6      12      13      10      15      20       2      19       9       7       8      16       5      18       3      11      14       4       1      17
  120500       6      12      13      10      20      15      19       2       7       9      16       8      18       5       3      11       4      14       1      17
  120600       6      12      13      10      20      15      19       7       2      16       9      18       8       3       5      11       4      14       1      17
  120700       6      12      10      13      15      20       7      19       2      16      18       9       3       8       5      11      14       4       1      17
  120800       6      12      10      13      15       7      20       2      19      18      16       3       9       8       5      11      14       4       1      17
  120900       6      12      13      10      15       7       2      20      18      19       3      16       8       9       5      11       4      14      17       1
  121000       6      12      13      10      15       2       7      20      18       3      19      16       8       9       5      11       4      14      17       1
  121100       6      12      10      13       2      15      20       7       3      18      16      19       9       8       5      11      14       4       1      17
  121200       6      12      10      13       2      20      15       3       7      16      18      19       9       8       5      11      14       1       4      17
  121300       6      12      13      10      20       2      15       3      16       7      19      18       8       9       5      11      14       1       4      17
  121400       6      12      13      10      20      15       2      16       3      19       7       8      18       9       5      14      11       4       1      17
  121500       6      12      10      13      15      20      16       2      19       3       7       8      18       9       5      14       4      11       1      17
  121600       6      12      10      13      15      20      16       2      19       7       3       8      18       5       9      14       4      11       1      17
  121700       6      12      13      10      20      15      16       2       7      19       3       8       5      18       9      14      11       4       1      17
  121800       6      12      13      20      10      15      16       7       2       3      19       8       5       9      18      11      14       4       1      17
  121900       6      12      13      20      10      15       7      16       2       3       8      19       9       5      18      11       4      14      17       1
  122000       6      12      13      10      20       7      15       2      16       8       3      19       9      18       5      11       4      14      17       1
  122100       6      12      10      13       7      20      15       2       8      16      19       3      18       9       5      11      14       4       1      17
  122200       6      12      10      13       7      15      20       8       2      19      16       3      18       9       5      11      14       4       1      17
  122300       6      12      13      10      15       7      20       8       2      19       3      16       9      18       5      11      14       4       1      17
  122400       6      12      13      10      15      20       7       2       8      19       3      16       9       5      18      11      14       1       4      17
  122500       6      12      13      10      20      15       2       7      19       8       3      16       5       9      11      18      14       1       4      17
  122600       6      13      12      10      20      15       2      19       7       3       8      16       5      11       9      18      14       4       1      17
  122700       6      13      12      10      20      15      19       2       3       7      16       8       5      11       9      18       4      14      17       1
  122800       6      13      12      20      10      19      15       3       2      16       7       5       8       9      11      18       4      14      17       1
  122900       6      13      12      20      10      19      15       3      16       2       5       7       9       8      18      11      14       4       1      17
  123000       6      12      13      10      20      15      19       3      16       2       5       9       7       8      18      14      11       1       4      17
  123100       6      12      10      13      15      20      19       3       2      16       9       5       7       8      18      14      11       1       4      17
  123200       6      12      10      13      15      19      20       2       3       9      16       7       5      18       8      14      11       4       1      17
  123300       6      12      13      10      19      15       2      20       3       9       7      16      18       5       8      14       4      11       1      17
  123400       6      13      12      10      19      15       2       3      20       7       9      18      16       8       5       4      14      11       1      17
  123500       6      13      12      10      15      19       2       3      20       7       9      18       8      16       5       4      11      14       1      17
  123600       6      13      12      10      15      19       2      20       3       9       7       8      18       5      16       4      11      14       1      17
  123700       6      13      12      10      19      15      20       2       9       3       8       7      18       5      16       4      14      11       1      17
  123800       6      12      13      10      19      20      15       9       2       8       3       7      18      16       5      14       4      11       1      17
  123900       6      12      13      10      19      20      15       9       8       2       7       3      16      18       5      14       4      11       1      17
  124000       6      12      13      10      19      15      20       8       9       7       2       3      16      18       5       4      14      11       1      17
  124100       6      12      10      13      19      15      20       8       9       7       3       2      16      18       4       5      11      14       1      17
  124200       6      12      10      13      19      15      20       9       8       3       7       2      16      18       4       5      11       1      14      17
  124300       6      12      10      13      15      19      20       9       3       8       2       7      16      18       5       4      11       1      14      17
  124400       6      12      10      13      15      20      19       3       9       2       8       7      16      18       5      11       4      14       1      17
  124500       6      12      13      10      20      15      19       3       9       2       7       8      18      16       5      11       4      14       1      17
  124600       6      12      13      10      20      19      15       9       3       2       7       8      18      16       5      11       4       1      14      17
  124700       6      12      10      13      19      20      15       9       2       3       7       8      16      18       5      11       4       1      14      17
  124800       6      12      10      13      19      15      20       2       9       7       3      16       8       5      18      11       4      14       1      17
  124900       6      12      13      10      19      15      20       2       7       9      16       3       8       5      18      11      14       4      17       1
  125000       6      12      13      10      19      15      20       7       2       9      16       3       8       5      18      11      14       4      17       1
  125100       6      12      13      10      15      19       7      20       9       2       3      16       5       8      11      18       4      14       1      17
  125200       6      12      13      15      10       7      19      20       9       3       2      16       5       8      11      18       4       1      14      17
  125300       6      12      13      15      10       7      20      19       9       3      16       2       8       5      18      11       4       1      14      17
  125400       6      12      13      10      15       7      20      19       9      16       3       2       8       5      18      11       4      14       1      17
  125500       6      12      13      10       7      15      19      20       9      16       2       3       5       8      18      11       4      14      17       1
  125600       6      12      13      10       7      15      19       9      20       2      16       5       3      18       8      11       4      14      17       1
  125700       6      12      13      10       7      15      19       9      20       2      16       5      18       3       8      11      14       4       1      17
  125800       6      12      13      10       7      19      15      20       9      16       2      18       5       3       8      11      14       4       1      17
  125900       6      12      10      13      19       7      20      15       9      16       2      18       3       5       8      11       4      14       1      17
  126000       6      12      10      13      19      20       7      15       9       2      16       3      18       8       5      11       4       1      14      17
  126100       6      12      13      10      20      19      15       7       2       9      16       3       8      18       5      11       4       1      14      17
  126200       6      12      13      20      10      15      19       2       7       9      16       3       8       5      18      11       4      14       1      17
  126300       6      12      13      20      10      15      19       2       7       9       3      16       5       8      18      11      14       4       1      17
  126400       6      12      13      10      20      19      15       7       2       3       9      16       5      18       8      11      14       4       1      17
  126500       6      12      10      13      20      19      15       7       3       2       9      16      18       5       8      11       4      14       1      17
  126600       6      12      10      13      20      15      19       3       7       9       2      16      18       8       5      11       4      14       1      17
  126700       6      12      13      10      20      15      19       3       9       7       2      16       8      18      11       5      14       4       1      17
  126800       6      12      13      10      20      19      15       9       3       2       7       8      16      18      11       5      14       4       1      17
  126900       6      12      13      10      20      19       9      15       3       2       8       7      18      16       5      11       4      14       1      17
  127000       6      12      13      20      10       9      19       3      15       8       2       7      18       5      16      11       4      14       1      17
  127100       6      12      13      20      10       9       3      19       8      15       2       7      18       5      16      11      14       4       1      17
  127200       6      12      13      10      20       3       9      19       8       2      15       7      18      16       5      14      11       4       1      17
  127300       6      12      13      10       3      20       9      19       2       8      15       7      16      18       5      14       4      11       1      17
  127400       6      13      12      10       3      20       9       2      19      15       8       7      16      18       5       4      14      11       1      17
  127500       6      13      10      12      20       3       2       9      15      19       7       8      18      16       5       4      11      14       1      17
  127600       6      13      10      12      20       3       2      15       9      19       7      18       8      16       5       4      11      14       1      17
  127700       6      13      10      12      20       3      15       2      19       9       7      18       8      16       4       5      11      14      17       1
  127800       6      10      13      12      20      15       3      19       2       9       7       8      18      16       4       5      11      14      17       1
  127900       6      10      12      13      15      20      19       3       9       2       8       7      16      18       5       4      11      14       1      17
  128000       6      10      12      13      15      19      20       9       3       2       8       7      16      18       5      11       4       1      14      17
  128100       6      10      12      13      19      15      20       9       2       3       7       8      18      16      11       5       1       4      14      17
  128200       6      12      10      13      19      20      15       2       9       3       7       8      18      16      11       5       1       4      14      17
  128300       6      12      13      10      19      20      15       2       3       9       7       8      16      18       5      11       4       1      14      17
  128400       6      12      13      10      19      15      20       2       3       7       9      16       8       5      18       4      11      14       1      17
  128500       6      12      10      13      15      19       2      20       7       3      16       9       8       5      18       4      11      14       1      17
  128600       6      12      10      13      15       2      19       7      20      16       3       8       9      18       5      11       4       1      14      17
  128700       6      12      13      10       2      15      19       7      20      16       8       3      18       9      11       5       4       1      14      17
  128800       6      13      12      10       2      15      19      20       7       8      16       3      18       9      11       5       4      14       1      17
  128900       6      13      10      12      15       2      20      19       8       7       3      16       9      18       5      11       4      14      17       1
  129000       6      10      13      12      15      20       2      19       8       3       7       9      16       5      18       4      11      14      17       1
  129100       6      10      12      13      20      15      19       2       3       8       7       9      16       5       4      18      11      14       1      17
  129200       6      12      10      13      20      19      15       3       2       8       7       9      16       5       4      18      11      14       1      17
  129300       6      12      10      13      20      19      15       3       8       2       9       7      16       5      18       4      11      14       1      17
  129400       6      10      12      13      20      15      19       8       3       9       2      16       7       5      18      11       4       1      14      17
  129500       6      10      13      12      15      20      19       8       9       3       2      16       5       7      18      11       4       1      14      17
  129600       6      13      10      12      15      19      20       9       8       2       3       5      16       7      18       4      11      14       1      17
  129700       6      13      12      10      15      19      20       9       2       8       3       5       7      16      18       4      11      14       1      17
  129800       6      13      12      10      15      20      19       9       2       3       8       7       5      18      16       4      11      14       1      17
  129900       6      13      10      12      15      20      19       9       3       2       7       8      18       5      16       4      14      11       1      17
  130000       6      10      13      12      15      19      20       3       9       7       2       8      18      16       5       4      14      11       1      17
  130100       6      10      13      12      19      15       3      20       7       9       2       8      18      16       5       4      11      14       1      17
  130200       6      13      10      12      19       3      15       7      20       9       2       8      18      16       5      11       4      14       1      17
  130300       6      13      12      10       3      19       7      15       9      20       8       2      18      16      11       5      14       4       1      17
  130400       6      13      12      10       3       7      19      15       9      20       8      18       2      16      11       5      14       4       1      17
  130500       6      13      12      10       7       3      15      19      20       9      18       8       2      16       5      11       4      14       1      17
  130600       6      13      12      10       7      15       3      20      19       9      18       8       2       5      16       4      11      14       1      17
  130700       6      13      10      12      15       7      20       3       9      19       8      18       2       5      16       4      11      14       1      17
  130800       6      13      10      15      12       7      20       9       3      19       8       2      18      16       5      11       4      14       1      17
  130900       6      13      10      15      12       7      20       9      19       3       8       2      16      18       5      11       4      14       1      17
  131000       6      10      13      12      15       7      20       9      19       8       3       2      16       5      18       4      11      14       1      17
  131100       6      10      13      12      15       7       9      20       8      19       2       3       5      16      18       4      11      14       1      17
  131200       6      13      10      12      15       9       7      20       8       2      19       3       5      18      16      11       4       1      14      17
  131300       6      13      10      12      15       9      20       7       2       8      19       3      18       5      16      11       4       1      14      17
  131400       6      13      10      12      15      20       9       2       7      19       8       3      18      16       5       4      11      14       1      17
  131500       6      13      12      10      20      15       2       9      19       7       3       8      16      18       5       4      11      14       1      17
  131600       6      13      12      10      20      15       2      19       9       3       7      16       8      18       5       4      11      14       1      17
  131700       6      13      10      12      15      20      19       2       9       3      16       7      18       8       5       4      11      14       1      17
  131800       6      10      13      12      15      19      20       9       2      16       3       7      18       5       8      11       4       1      14      17
  131900       6      10      13      12      15      19       9      20      16       2       7       3       5      18       8      11       4       1      14      17
  132000       6      13      10      12      15       9      19      20      16       7       2       5       3       8      18       4      11      14       1      17
  132100       6      13      12      10      15       9      20      19       7      16       2       5       3       8      18       4      14      11      17       1
  132200       6      13      12      10      15       9      20       7      19       2      16       3       5      18       8       4      14      11      17       1
  132300       6      13      10      12      15       9      20       7       2      19       3      16       5      18       8       4      11      14       1      17
  132400       6      10      13      12      15      20       9       2       7      19       3      16       5       8      18      11       4      14       1      17
  132500       6      10      12      13      20      15       2       9      19       7      16       3       8       5      18      11      14       4       1      17
  132600       6      10      12      13      20       2      15       9      19       7      16       8       3      18       5      11      14       4       1      17
  132700       6      10      13      12       2      20      15       9       7      19       8      16      18       3      11       5       4      14       1      17
  132800       6      13      10      12       2      15      20       7       9       8      19      18      16       3      11       5       4      14       1      17
  132900       6      13      12      10      15       2      20       7       9       8      19      18       3      16       5      11       4      14       1      17
  133000       6      13      12      10      15       2      20       9       7      19       8       3      18      16       5       4      11      14       1      17
  133100       6      13      12      10       2      15       9      20       7      19       3       8      16      18       5       4      11      14       1      17
  133200       6      13      12      10       2      15       9       7      20       3      19       8      16       5      18       4      11       1      14      17
  133300       6      13      12      10      15       2       9       7       3      20      19       8      16       5       4      18      11       1      14      17
  133400       6      13      12      10      15       9       2       3       7      20      19       8      16       5       4      18      11      14       1      17
  133500       6      13      10      12      15       9       2       3      20       7       8      19       5      16      18       4      11      14       1      17
  133600       6      13      10      12      15       9       2      20       3       7       8       5      19      18      16      11       4      14       1      17
  133700       6      13      12      10      15       9       2      20       7       3       5       8      19      18      11      16      14       4       1      17
  133800       6      13      12      10      15       2       9      20       7       5       3       8      19      18      11      16      14       4       1      17
  133900       6      13      12      10       2      15      20       9       7       5       8       3      19      18      16      11       4      14       1      17
  134000       6      13      12       2      10      20      15       9       7       5       8      19       3      16      18      11       4      14       1      17
  134100       6      13      12       2      10      20       9      15       7       5      19       8      16       3      11      18       4      14       1      17
  134200       6      13      12      10       2       9      20      15       7      19       5      16       8       3      11      18       4      14       1      17
  134300       6      13      10      12       9       2      15      20      19       7      16       5       3       8      18      11       4      14      17       1
  134400       6      13      10       9      12      15       2      19      20      16       7       3       5      18       8       4      11      14      17       1
  134500       6      13      10       9      12      15       2      19      16      20       7       3      18       5       8       4      11      14       1      17
  134600       6      13      10      12       9      15       2      16      19       7      20      18       3       8       5       4      11      14       1      17
  134700       6      13      10      12      15       9       2      16       7      19      20      18       8       3       5       4      11      14       1      17
  134800       6      13      10      12      15       2       9       7      16      20      19       8      18       5       3      11       4      14       1      17
  134900       6      13      12      10       2      15       9       7      20      16      19       8      18       5       3      11       4      14       1      17
  135000       6      12      13      10       2      15       9      20       7      19      16       8      18       3       5      11       4       1      14      17
  135100       6      12      13      10      15       2       9      20      19       7       8      16       3      18      11       5       1       4      14      17
  135200       6      13      12      10      15       9       2      19      20       7       8      16       3      11      18       5       1      14       4      17
  135300       6      13      10      12      15       9       2      19       7      20      16       8       3      11       5      18      14       1       4      17
  135400       6      13      10      12      15       2       9       7      19      16      20       8       3       5      11      18      14       4       1      17
  135500       6      13      12      10       2      15       9       7      16      19      20       8       3       5      18      11       4      14       1      17
  135600       6      13      12      10       2       9      15       7      16      20      19       3       8      18       5      11       4      14       1      17
  135700       6      13      10      12       2       9      15       7      20      16      19       3      18       8      11       5      14       4       1      17
  135800       6      10      13      12       2      15       9       7      20      19      16       3      18       8      11       5      14       4       1      17
  135900       6      10      12      13      15       2       9       7      19      20      16       3       8      18       5      11       4      14       1      17
  136000       6      12      10      13      15       9       2       7      19      16      20       8       3      18       5      11       4      14       1      17
  136100       6      12      10      13      15       9       7       2      16      19      20       8      18       3       5      11       4      14      17       1
  136200       6      10      12      13      15       7       9      16       2      20      19       8      18       3       5       4      11      14      17       1
  136300       6      10      13      12      15       7       9      16      20       2      19       8       3      18       5       4      11      14       1      17
  136400       6      10      13      12      15       9       7      20      16       2      19       3       8       5      18      11       4       1      14      17
  136500       6      10      12      13       9      15      20       7      16       2      19       3       5       8      18      11       4       1      14      17
  136600       6      10      12      13       9      20      15       7      16      19       2       3       5       8      18       4      11      14       1      17
  136700       6      10      13      12      20       9      15       7      19      16       2       3       8       5      18       4      11      14       1      17
  136800       6      13      10      12      20      15       9      19       7       2      16       8       3      18       5      11       4       1      14      17
  136900       6      13      12      10      15      20      19       9       2       7      16       8      18       3       5      11       4       1      14      17
  137000       6      13      12      15      10      19      20       2       9      16       7       8      18       3       5       4      11      14       1      17
  137100       6      13      15      12      10      19       2      20       9      16       8       7       3      18       5       4      14      11       1      17
  137200       6      13      15      10      12      19       2       9      20       8      16       3       7      18       5       4      14      11       1      17
  137300       6      13      10      15      12      19       9       2      20       8       3      16      18       7       5       4      14      11       1      17
  137400       6      13      10      12      15      19       9      20       2       8       3      16      18       7       5       4      14      11       1      17
  137500       6      13      10      12      15      19      20       9       8       2      16       3       7      18       5       4      14      11       1      17
  137600       6      13      10      15      12      20      19       9       8       2      16       7       3       5      18       4      14      11       1      17
  137700       6      13      10      15      12      20       9      19       2       8       7      16       5       3      18       4      11      14      17       1
  137800       6      13      10      12      15       9      20       2      19       7       8       5      16       3      18       4      11      14      17       1
  137900       6      13      10      12      15       9       2      20       7      19       5       8      16       3      18       4      14      11       1      17
  138000       6      13      10      15      12       2       9       7      20      19       5      16       8       3      18      14       4      11       1      17
  138100       6      13      10      15      12       2       9       7      19      20      16       5       8       3      18      14      11       4       1      17
  138200       6      10      13      12      15       9       2      19       7      16      20       8       5      18       3      11      14       4       1      17
  138300       6      10      13      12       9      15       2      19      16       7      20       8       5      18       3      11       4      14       1      17
  138400       6      13      10      12       9      15       2      16      19      20       7       8       5       3      18       4      11      14       1      17
  138500       6      13      12      10      15       9       2      16      20      19       7       8       3       5      18       4      11      14       1      17
  138600       6      12      13      10      15       9       2      20      16       7      19       3       8      18       5       4      11      14       1      17
  138700       6      12      13      10      15       9      20       2       7      16       3      19       8      18       5       4      14      11       1      17
  138800       6      13      12      15      10      20       9       7       2      16       3      19       8       5      18      14       4      11       1      17
  138900       6      13      15      12      10      20       9       7       2      16      19       3       8       5      18      14      11       4       1      17
  139000       6      13      15      10      12      20       9       2       7      16      19       8       3      18       5      11      14       4       1      17
  139100       6      13      10      15      12      20       2       9       7      16       8      19      18       3       5      11       4      14      17       1
  139200       6      13      10      12      15       2      20       7       9       8      16      19      18       5       3       4      11      14      17       1
  139300       6      13      10      12      15       2       7      20       9       8      16      19       5      18       3       4      14      11       1      17
  139400       6      13      10      12      15       2       7       9      20      16       8      19       5      18       3      14       4      11       1      17
  139500       6      13      12      10      15       2       9       7      16      20      19       8       5      18       3      14      11       4       1      17
  139600       6      12      13      10      15       9       2      16       7      19      20       8       5       3      18      11      14       4       1      17
  139700       6      12      10      13      15       9       2      16       7      19       8      20       5       3      18      11       4      14       1      17
  139800       6      10      12      13      15       2       9      16       7      19       8      20       5      18       3       4      11      14       1      17
  139900       6      10      13      12      15       2      16       9      19       7      20       8       5      18       3       4      14      11       1      17
  140000       6      10      13      12      15      16       2       9      19      20       7       5       8      18       3       4      14      11       1      17
  140100       6      10      13      12      15      16       2       9      20      19       7       5       8      18       3       4      11      14       1      17
  140200       6      10      13      15      12       2      16       9      20       7      19       8       5       3      18      11       4      14       1      17
  140300       6      10      13      15       2      12       9      16      20       7       8      19       3       5      18      11       4      14       1      17
  140400       6      10      13       2      15      12       9      16      20       8       7       3      19      18       5       4      11      14       1      17
  140500       6      10      13       2      12      15       9      16       8      20       7       3      18      19       5       4      11      14       1      17
  140600       6      10      13      12       2       9      15       8      16       7      20       3      18       5      19       4      11       1      14      17
  140700       6      10      13      12       9       2       8      15       7      16      20       3       5      18      19       4      11       1      14      17
  140800       6      13      10      12       9       8       2      15       7      20      16       5       3      18      19      11       4      14       1      17
  140900       6      13      10      12       9       8      15       2      20       7       5      16      18       3      19      11       4      14       1      17
  141000       6      13      10      12       9      15       8      20       2       7       5      18      16      19       3      11       4      14       1      17
  141100       6      13      10      12      15       9       8      20       2       7       5      18      16      19      11       3      14       4       1      17
  141200       6      10      13      12      15       8       9       2      20       5       7      16      18      19      11       3      14       1       4      17
  141300       6      10      12      13       8      15       9       2       5      20       7      16      18      19       3      11      14       1       4      17
  141400       6      12      10       8      13       9      15       5       2       7      20      16      18       3      19      11      14       4       1      17
  141500       6      12      10       8      13       9       5      15       7       2      20      16      18       3      11      19       4      14       1      17
  141600       6      10      12      13       8       5       9       7      15       2      20      16      18       3      11      19       4      14       1      17
  141700       6      10      13      12       8       5       9       7       2      15      16      20       3      18      19      11      14       4       1      17
  141800       6      13      10      12       8       9       5       2       7      16      15      20       3      19      18      14      11       1       4      17
  141900       6      13      12      10       8       9       2       5      16       7      15      20      19       3      18      14      11       1       4      17
  142000       6      12      13      10       8       2       9      16       5       7      15      20      19      18       3      11      14       4       1      17
  142100      12       6      13      10       8       2      16       9       7       5      20      15      18      19       3      11      14       4       1      17
  142200      12       6      13      10       8      16       2       9       7      20       5      18      15       3      19      14      11       1       4      17
  142300      12       6      13      10       8      16       2       9      20       7       5      18      15       3      19      14      11       1       4      17
  142400      12       6      13      10       8       2      16      20       9       5       7      15      18      19       3      11      14       4       1      17
  142500      12       6      10      13       8       2      20      16       9       5       7      15      19      18       3      11       4      14       1      17
  142600      12       6      10      13       8      20       2      16       9       7       5      15      19      18       3       4      11      14       1      17
  142700       6      12      13      10       8      20       2      16       7       9      15       5      18      19       4       3      11      14      17       1
  142800       6      12      13      10       8       2      20       7      16       9      15      18       5      19       4       3      11      14      17       1
  142900      12       6      13      10       2       8       7      20       9      16      15      18      19       5       3       4      11      14       1      17
  143000      12       6      13      10       2       7       8       9      20      15      16      19      18       3       5       4      11       1      14      17
  143100      12       6      13      10       7       2       9       8      15      20      19      16      18       3       5       4      11       1      14      17
  143200      12      13       6      10       7       9       2      15       8      20      19      18      16       5       3       4      11      14       1      17
  143300      12      13      10       6       9       7       2      15      20       8      18      19       5      16       3       4      11      14      17       1
  143400      12      10      13       6       9       2       7      20      15      18       8       5      19       3      16       4      11      14      17       1
  143500      12      10       6      13       2       9       7      20      18      15       8       5      19       3      16       4      14      11       1      17
  143600      12       6      10      13       2       9       7      18      20       8      15      19       5      16       3       4      14       1      11      17
  143700      12       6      13      10       2       9       7      18      20       8      15      19      16       5       3       4      14       1      11      17
  143800      12      13       6       2      10       7       9      20      18      15       8      16      19       3       5       4      14      11       1      17
  143900      12      13       6       2      10       7       9      20      18      15      16       8       3      19       5       4      11      14       1      17
  144000      12       6      13      10       2       7       9      20      18      16      15       8       3       5      19      11       4       1      14      17
  144100      12       6      13      10       2       7      20       9      16      18       8      15       5       3      19      11       4       1      14      17
  144200      12      13       6       2      10      20       7      16       9       8      18      15       5      19       3       4      11      14       1      17
  144300      12      13       6       2      20      10       7      16       9       8      18      15      19       5       3       4      14      11       1      17
  144400      12       6      13       2      20       7      10       9      16       8      18      19      15       3       5       4      14      11       1      17
  144500      12       6       2      13       7      20      10       9       8      16      18      19       3      15       5       4      11      14       1      17
  144600      12       6       2       7      13      10      20       8       9      16      18      19       3       5      15      11       4      14       1      17
  144700       6      12       7       2      13      10       8      20       9      16      18      19       5       3      15      11      14       4       1      17
  144800       6      12       7      13       2       8      10       9      20      18      16      19       5      15       3      14      11       4       1      17
  144900       6      12      13       7       2       8      10       9      18      20      16      19      15       5       3      14      11       4       1      17
  145000       6      12      13       7       2      10       8       9      18      20      16      15      19       5       3      11      14       4       1      17
  145100       6      12      13       7      10       2       9       8      20      18      15      16       5      19       3      11       4      14       1      17
  145200       6      12      13       7      10       2       9       8      20      15      18       5      16       3      19       4      11      14       1      17
  145300       6      12      13       7       2      10       8       9      15      20      18       5       3      16      19       4      11      14       1      17
  145400       6      12      13       7       2       8      10      15       9      18      20       3       5      19      16       4      11      14       1      17
  145500       6      12      13       7       2       8      10      15       9      18      20       3       5      19      16       4      11      14       1      17
  145600       6      12      13       7       2      10       8       9      15      20      18       5       3      16      19      11       4      14       1      17
  145700       6      12       7      13      10       2       9       8      20      15      18       5      16       3      19      11      14       4      17       1
  145800       6      12       7      13      10       9       2      20       8      15      18      16       5      19       3      14      11       4      17       1
  145900       6      12      13       7      10       9      20       2       8      15      16      18      19       5      14       3      11       4       1      17
  146000       6      12      13      10       7      20       9       8       2      16      15      19      18       5      14       3      11       4       1      17
  146100       6      12      10      13      20       7       9       8      16       2      19      15       5      18       3      14      11       4       1      17
  146200       6      12      10      13      20       7       9       8      16      19       2      15       5       3      18      11      14       4       1      17
  146300       6      12      13      10       7      20       8       9      16      19      15       2       3       5      18      11      14       4      17       1
  146400       6      13      12       7      10       8      20       9      16      15      19       2       3      18       5      14      11       4      17       1
  146500       6      13      12       7      10       8       9      20      16      15       2      19      18       3       5      14       4      11       1      17
  146600       6      12      13       7      10       9       8      16      20       2      15      19      18       3       5       4      14      11       1      17
  146700       6      12      13       7      10       9      16       8       2      20      19      15       3      18       5       4      11      14       1      17
  146800       6      12      13       7      10      16       9       8       2      19      20      15       3       5      18      11       4      14       1      17
  146900       6      12      13       7      10      16       9       8      19       2      20      15       5       3      18      11      14       4      17       1
  147000       6      12      13      10       7       9      16       8      19      20       2      15       5      18       3      14      11       4      17       1
  147100       6      12      10      13       7       9       8      16      20      19      15       2      18       5       3      14      11       4       1      17
  147200       6      12      10      13       7       9       8      20      16      19      15       2      18       3       5      11      14       1       4      17
  147300       6      12      13      10       9       7       8      20      19      16       2      15      18       3       5      11      14       1       4      17
  147400       6      12      13      10       9       7       8      19      20       2      16      18      15       5       3      11      14       4       1      17
  147500       6      12      13      10       7       9      19       8       2      20      18      16       5      15       3      11      14       4       1      17
  147600       6      12      13       7      10      19       9       2       8      20      18      16       5      15       3      14      11       1       4      17
  147700       6      12       7      13      10      19       9       2      20       8      16      18      15       5      14       3      11       1       4      17
  147800       6      12       7      13      10       9      19      20       2      16       8      15      18       5      14       3      11       4       1      17
  147900       6      12      13       7      10       9      20      19       2      16      15       8      18       5       3      14       4      11       1      17
  148000       6      12      13      10       7       9      20       2      19      16      15       8      18       5       3      14       4      11       1      17
  148100       6      12      10      13       7       9       2      20      16      19       8      15       5      18       3      14      11       4       1      17
  148200       6      12      10      13       7       2       9      16      20       8      19      15       5       3      18      14      11       1       4      17
  148300       6      12      13      10       7       2       9      16       8      20      15      19       3       5      18      14      11       1       4      17
  148400       6      12      13      10       7       9       2       8      16      20      15      19       3      18       5      11      14       4       1      17
  148500       6      12      13      10       9       7       2       8      20      16      19      15      18       3       5      11      14       4       1      17
  148600       6      12      13       9      10       7       2       8      20      19      16      15      18       3       5      14      11       4       1      17
  148700       6      12       9      13       7      10       8       2      20      19      15      16       3      18       5      14      11       4       1      17
  148800       6      12       9      13       7      10       8      20       2      19      15      16       3      18       5      11      14       4       1      17
  148900       6      12      13       9       7      10      20       8       2      19      15      16      18       3       5      11      14       4       1      17
  149000       6      12      13       7       9      10      20       2       8      15      19      18      16       5       3      14      11       4       1      17
  149100       6      12      13       7      10       9       2      20       8      15      18      19       5      16       3      14      11       4       1      17
  149200       6      13      12      10       7       2       9      20       8      15      18      19       5      16       3      11      14       1       4      17
  149300       6      13      12      10       7       2       9      20       8      15      19      18      16       5       3      11      14       1       4      17
  149400       6      12      13       7      10       9       2       8      20      19      15      18      16       3       5      14      11       4       1      17
  149500       6      12      13       7      10       9       2       8      20      19      18      15       3      16       5      14      11       4       1      17
  149600       6      13      12       7      10       2       9      20       8      18      19      15       3      16       5      14      11       4       1      17
  149700       6      13      12       7       2      10      20       9       8      18      15      19      16       3       5      14       4      11       1      17
  149800       6      12      13       2       7      20      10       9       8      15      18      16      19       5       3      14       4       1      11      17
  149900       6      12      13       2      20       7       9      10      15       8      16      18      19       5       3      14       4       1      11      17
  150000       6      12      13       2      20       9       7      15      10      16       8      19      18       3       5       4      14      11       1      17
  150100       6      12      13       2       9      20       7      15      10      16       8      19       3      18       5       4      11      14       1      17
  150200       6      12      13       2       9       7      20      10      15       8      16       3      19       5      18      11       4      14       1      17
  150300       6      12       2      13       7       9      10      20       8      15       3      16       5      19      18      11      14       4       1      17
  150400       6       2      12      13       7      10       9       8      20      15       3      16       5      19      18      14      11       4       1      17
  150500       6       2      13      12      10       7       9       8      20      15      16       3       5      19      14      18      11       4       1      17
  150600       6      13       2      12      10       9       7      20       8      15      16       3       5      19      14      18      11       4       1      17
  150700       6      13      12       2      10       9      20       7      15       8       3      16      19       5      18      14       4      11       1      17
  150800       6      13      12       2      10      20       9       7      15       8       3      19      16      18       5       4      14      11       1      17
  150900       6      13      12       2      10      20       7       9       8      15       3      19      18      16       5       4      14      11       1      17
  151000       6      13      12      10       2       7      20       9       8       3      15      18      19      16       5      14       4      11       1      17
  151100       6      13      12      10       7       2       9      20       8       3      15      18      19      16       5      14      11       4       1      17
  151200       6      12      13       7      10       9       2       8      20      15       3      18      19       5      16      14      11       1       4      17
  151300       6      12      13       7       9      10       2       8      20      15      18       3      19       5      16      14      11       1       4      17
  151400       6      13      12       9       7       2      10      20       8      15      18      19       3      16       5      14      11       4       1      17
  151500       6      13      12       9       2       7      10      20       8      15      18      19       3      16       5      14      11       4       1      17
  151600       6      12      13       2       9      10       7       8      20      18      15       3      19      16       5      14      11       4       1      17
  151700       6      12      13       2       9      10       7       8      20      18      15       3      19      16       5      14      11       4       1      17
  151800       6      12      13       2       9       7      10      20       8      18      15      19       3      16       5      11      14       1       4      17
  151900       6      12      13       2       9       7      20      10      18       8      15      19      16       3       5      11      14       1       4      17
  152000       6      12      13       9       2       7      20      10      18      15       8      16      19       3       5      11      14       4       1      17
  152100       6      12      13       9       7       2      10      20      15      18      16       8       3      19      11       5      14       4       1      17
  152200       6      12      13       7       9       2      10      15      20      16      18       8       3      19      11       5      14       4       1      17
  152300       6      12      13       7       2       9      15      10      16      20       8      18      19       3       5      11       4      14       1      17
  152400       6      12      13       2       7       9      15      10      16      20       8      19      18       5       3       4      11       1      14      17
  152500       6      12      13       2       7       9      15      10      20      16       8      19       5      18       3       4      11       1      14      17
  152600       6      12      13       7       2      15       9      20      10       8      16       5      19      18       3      11       4      14       1      17
  152700       6      12       7      13       2      15       9      20       8      10      16       5      18      19       3      11      14       4      17       1
  152800       6      12       7      13       2       9      15       8      20      16      10      18       5      19       3      14      11       4      17       1
  152900       6      12      13       7       9       2       8      15      16      20      10      18      19       5       3      14      11       4       1      17
  153000       6      12      13       7       9       2       8      16      15      20      10      18      19       5       3      11      14       1       4      17
  153100       6      12       7      13       2       9      16       8      20      15      18      10      19       5       3      11       1      14       4      17
  153200       6      12       7      13       2       9      16      20       8      18      15      10      19       5       3      11       1       4      14      17
  153300       6      12      13       7       9       2      20      16       8      18      10      15       5      19       3      11       1       4      14      17
  153400       6      12      13       7       9      20       2       8      16      10      18       5      15       3      19       1      11      14       4      17
  153500       6      12      13       7      20       9       8       2      10      16       5      18       3      15      19       1      11      14       4      17
  153600       6      12      13      20       7       9       8       2      10      16       5       3      18      19      15      11       1       4      14      17
  153700       6      12      20      13       9       7       2       8      10      16       3       5      19      18      15      11       4       1      14      17
  153800       6      12      20      13       9       2       7      10       8       3      16      19       5      18      15      11       4      14       1      17
  153900       6      12      13      20       2       9       7      10       3       8      19      16      18       5      15      11      14       4       1      17
  154000       6      13      12       2      20       9       7      10       3      19       8      16      18      15       5      11      14       1       4      17
  154100       6      13      12       2       9      20      10       7      19       3      16       8      15      18       5      11      14       1       4      17
  154200       6      12      13       9       2      20      10       7      19      16       3       8      15       5      18      14      11       4       1      17
  154300       6      12       9      13      20       2       7      10      16      19       8       3      15       5      18      14      11       4       1      17
  154400       6      12       9      13      20       2       7      16      10       8      19      15       3      18       5      11      14       1       4      17
  154500       6      12      13       9       2      20       7      16       8      10      15      19      18       3       5      11      14       1       4      17
  154600       6      13      12       2       9       7      20       8      16      15      10      18      19       3       5      14      11       4       1      17
  154700       6      13       2      12       7       9      20       8      15      16      10      18      19       3       5      14      11       4       1      17
  154800       6       2      13      12       7       9      20       8      15      16      10      19      18       5       3      11      14       1       4      17
  154900       6       2      12      13       9       7      20       8      16      15      19      10      18       5       3      11       1      14       4      17
  155000       6      12       2       9      13      20       7       8      16      15      19      18      10       3       5      11       1       4      14      17
  155100       6      12       2       9      20      13       7       8      15      16      18      19       3      10      11       5       4       1      14      17
  155200       6      12       2      20       9      13       7       8      15      18      16       3      19      10      11       5       4      14       1      17
  155300       6      12       2      20      13       9       7       8      15      18      16       3      10      19       5      11       4      14       1      17
  155400       6      12       2      13      20       7       9      15       8      16      18      10       3      19       5      11       4      14       1      17
  155500       6      12       2      13       7      20       9      15       8      16      10      18      19       3      11       5      14       4      17       1
  155600       6      12       2      13       7       9      20       8      15      10      16      18      19       3      11       5      14       4      17       1
  155700       6      12      13       2       9       7      20       8      10      15      18      16       3      19       5      11      14       4       1      17
  155800       6      12      13       2       9      20       7       8      10      18      15      16       3      19       5      11      14       1       4      17
  155900       6      12       2      13       9      20       7       8      18      10      15      16      19       3       5      11      14       1       4      17
  156000       6      12       2      13       9       7      20      18       8      15      10      16      19       5       3      14      11       4       1      17
  156100       6      12      13       2       7       9      20      18      15       8      16      10      19       5       3      14      11       4       1      17
  156200       6      12      13       2       7       9      20      15      18       8      16      10      19       3       5      11      14       4       1      17
  156300       6      12       2      13       7       9      20      15      18       8      10      16       3      19       5      11       4      14       1      17
  156400       6      12       2      13       7      20       9      18      15      10       8      16       3       5      19      11       4      14       1      17
  156500       6      12      13       2      20       7      18       9      10      15      16       8       3       5      11      19      14       4       1      17
  156600       6      12      13       2      20      18       7      10       9      15      16       8       3       5      11      19      14       1       4      17
  156700       6      12      13       2      18      20      10       7      15       9       8      16       5       3      19      11      14       1       4      17
  156800       6      12      13       2      18      10      20      15       7       8       9      16       5      19       3      14      11       4       1      17
  156900      12       6       2      13      10      18      15      20       7       8       9      16      19       5       3      14      11       4       1      17
  157000      12       6       2      13      10      15      18       7      20       9       8      19      16       3       5      11      14       1       4      17
  157100      12       6      13       2      15      10       7      18       9      20      19       8       3      16       5      11      14       1       4      17
  157200      12       6      13       2      15      10       7       9      18      20      19       3       8       5      16      11      14       4       1      17
  157300       6      12      13       2      10      15       9       7      20      18      19       3       8       5      16      11      14       4       1      17
  157400       6      12      13      10       2       9      15      20       7      19      18       8       3      16       5      11      14       4       1      17
  157500       6      12      13      10       2       9      20      15       7      19      18       8      16       3       5      11       4      14       1      17
  157600       6      12      13       2      10      20       9      15       7      18      19       8      16       3       5      11       4      14       1      17
  157700       6      12       2      13      10      20      15       9      18       7      19       8      16       3       5      11      14       4       1      17
  157800       6      12       2      13      10      15      20      18       9      19       7       8      16       5       3      11      14       1       4      17
  157900       6      12       2      13      10      15      18      20      19       9       8       7      16       5       3      11       1      14       4      17
  158000       6      12       2      13      10      18      15      19      20       9       8       7      16       3       5      11       1      14       4      17
  158100       6      12       2      13      18      10      19      15       9      20       7       8      16       3       5      11      14       1       4      17
  158200       6      12       2      13      18      19      10       9      15       7      20      16       8       5       3      11      14       4       1      17
  158300       6      12       2      13      18      19       9      10      15       7      16      20       8       5       3      11      14       4       1      17
  158400       6      12       2      13      18       9      19      10      15      16       7       8      20       3       5      11      14       4       1      17
  158500       6      12       2      13       9      18      10      19      16      15       7       8      20       3      11       5       4      14      17       1
  158600       6      12       2       9      13      10      18      16      19      15       7      20       8       3      11       5       4      14      17       1
  158700       6      12       2       9      13      10      16      18      15      19       7      20       8       3       5      11      14       4       1      17
  158800       6      12       2      13       9      10      16      15      18       7      19      20       8       5       3      11      14       1       4      17
  158900       6      12      13       2       9      10      15      16      18       7      20      19       5       8      11       3      14       1       4      17
  159000       6      12      13       2       9      15      10      18      16       7      20      19       5       8      11       3      14       1       4      17
  159100       6      12       2      13      15       9      18      10       7      16      19      20       8       5       3      11       1      14       4      17
  159200       6      12       2      13      15      18       9       7      10      19      16       8      20       3       5       1      11       4      14      17
  159300       6      12       2      13      15      18       7       9      19      10       8      16      20       3       5       1       4      11      14      17
  159400       6      12       2      13      15       7      18      19       9       8      10      20      16       3       5       4       1      11      14      17
  159500       6      12      13       2       7      15      19      18       8       9      10      20      16       3       5       4      11       1      14      17
  159600       6      12      13       2       7      19      15       8      18      10       9      16      20       3       5      11       4      14       1      17
  159700       6      12       2      13       7      19      15       8      10      18      16       9      20       3       5      11      14       4       1      17
  159800       6       2      12      13       7      15      19      10       8      16      18       9      20       5       3      11      14       1       4      17
  159900       6       2      12      13      15       7      10      19       8      16       9      18      20       5      11       3       1      14       4      17
  160000       6      12       2      15      13      10       7       8      19       9      16      18      20       5      11       3       1       4      14      17
  160100       6      12       2      15      13      10       7       8       9      19      18      16      20       5       3      11       4       1      14      17
  160200       6       2      12      13      15       7      10       8       9      19      18      20      16       3       5      11       4      14       1      17
  160300       6       2      12      13      15       7       8      10      19       9      18      20       3      16       5      11      14       4       1      17
  160400       6      12       2      13      15       8       7      19      10      18       9       3      20      16       5      14      11       1       4      17
  160500       6      12       2      13      15       8       7      19      18      10       3       9      20      16       5      14      11       1       4      17
  160600       6      12       2      15      13       8       7      18      19      10       3      20       9      16       5      11      14       4       1      17
  160700       6      12       2      15      13       8       7      18      10      19      20       3      16       9       5      11       4      14       1      17
  160800       6      12       2      13      15       8       7      10      18      19      20      16       3       9       5      11       4       1      14      17
  160900       6      12       2      13       8      15       7      10      19      18      20      16       9       3       5      11       1       4      14      17
  161000       6      12       2      13       8       7      15      19      10      20      18       9      16       3       5      11       1      14       4      17
  161100       6      12       2      13       7       8      19      15      20      10      18       9      16       3       5      11      14       1       4      17
  161200       6      12       2      13       7      19       8      20      15      10      18       9      16       3       5      14      11       1       4      17
  161300       6      12       2      13      19       7      20       8      15      10       9      18       3      16       5      14       1      11       4      17
  161400       6      12       2      19      13       7      20       8      15      10       9      18       3      16       5       1      14      11       4      17
  161500       6      12      19       2       7      13       8      20      15      10      18       9      16       3       5       1      11      14       4      17
  161600       6      12      19       2       7      13       8      15      20      18      10      16       9       3       5      11       1       4      14      17
  161700       6      12       2      19      13       7      15       8      18      20      10      16       3       9       5      11       1       4      14      17
  161800       6       2      12      13      19       7      15      18       8      10      20      16       3       9       5       1      11      14       4      17
  161900       6       2      12      13       7      19      15      18      10       8      16      20       9       3       5       1      11      14       4      17
  162000       6       2      12      13       7      15      19      10      18      16       8       9      20       3       5      11       1       4      14      17
  162100       6       2      13      12       7      15      10      19      16      18       9       8      20       3       5      11       1       4      14      17
  162200       6       2      13       7      12      10      15      16      19      18       9      20       8       3       5      11       1      14       4      17
  162300       6       2      13       7      12      10      15      16      18      19      20       9       3       8       5      11      14       1      17       4
  162400       6       2      13      12       7      10      15      18      16      20      19       9       3       8       5      14      11       1      17       4
  162500       6       2      12      13       7      10      18      15      20      16       9      19       8       3       5      14       1      11       4      17
  162600       6      12       2      13       7      10      18      20      15       9      16      19       8       5       3       1      14      11       4      17
  162700       6      12       2      13       7      10      18      20      15       9      19      16       5       8       3       1      11      14       4      17
  162800       6      12       2      13       7      10      18      15      20       9      19      16       5       8       3       1      11      14       4      17
  162900       6      12      13       2      10       7      18      15       9      20      16      19       8       5       3       1      11      14       4      17
  163000       6      12      13       2      10      18       7       9      15      16      20       8      19       3       5      11       1       4      14      17
  163100       6      12       2      13      18      10       7       9      16      15       8      20       3      19       5      11       1       4      14      17
  163200       6      12       2      13      18       7      10      16       9       8      15       3      20      19       5      11       1      14       4      17
  163300       6      12       2      13       7      18      10      16       8       9       3      15      19      20       5      11      14       1       4      17
  163400       6      12       2       7      13      10      18      16       8       9       3      19      15      20       5      11      14       1       4      17
  163500       6      12       2       7      13      10      16      18       8       9       3      19      20      15       5      11      14       1       4      17
  163600       6      12       2      13       7      16      10       8      18       9       3      19      20      15       5      11      14       1       4      17
  163700       6      12       2      13       7      16       8      10       9      18       3      19      20      15      11       5      14       1       4      17
  163800       6      12       2       7      13       8      16       9      10       3      18      20      19      15      11       5      14       1       4      17
  163900       6      12       2       7      13       8      16       9      10       3      20      18      15      19       5      11      14       1       4      17
  164000       6      12       2      13       7      16       8      10       9      20       3      18      15      19       5      14      11       4       1      17
  164100       6      12      13       2       7      16      10       8      20       9      18       3      19      15       5      14      11       4       1      17
  164200       6      12      13       2       7      16      10      20       8      18       9      19       3      15       5      11      14       4       1      17
  164300       6      12       2      13       7      16      20      10      18       8      19       9      15       3       5      11       4      14       1      17
  164400       6      12       2      13       7      20      16      18      10       8      19      15       9       5       3       4      11      14       1      17
  164500       6      12       2      13       7      20      18      16       8      10      15      19       9       5       3       4      14      11       1      17
  164600       6      12       2      13       7      18      20       8      16      15      10      19       9       3       5       4      14       1      11      17
  164700       6      12       2      13       7      18       8      20      15      16      10      19       3       9       4       5       1      14      11      17
  164800       6      12       2      13       7       8      18      20      15      10      16       3      19       9       4       5       1      11      14      17
  164900       6      12       2      13       8       7      20      18      10      15       3      16      19       9       5       4      11       1      14      17
  165000       6      12       2      13       8      20       7      10      18      15       3      16      19       9       5      11       4      14       1      17
  165100       6      12      13       2      20       8      10       7      15      18      16       3      19       9       5      11      14       4       1      17
  165200       6      12      13       2      20      10       8       7      15      18      16      19       3       5       9      11      14       4       1      17
  165300       6      12       2      13      20      10       7       8      18      15      19      16       3       5       9      11       4      14       1      17
  165400       6      12       2      13      20       7      10      18       8      19      15       3      16       9       5      11       4      14       1      17
  165500       6      12       2      13       7      20      18      10       8      19       3      15      16       9       5      11      14       4       1      17
  165600       6      12       2      13       7      18      20       8      10       3      19      15      16       9       5      11      14       1       4      17
  165700       6      12       2      13       7      18      20       8      10       3      19      15      16       9       5      11      14       1       4      17
  165800       6      12       2      13       7      20      18      10       8      19       3      16      15       9       5      14      11       4       1      17
  165900       6      12      13       2      20       7      10      18       8      19      16       3      15       9       5      14      11       4       1      17
  166000       6      12      13       2      20      10       7       8      18      19      16      15       3       5       9      11      14       1       4      17
  166100       6      12      13       2      10      20       7       8      19      18      15      16       5       3       9      11       1      14       4      17
  166200       6      12      13       2      10      20       7      19       8      15      18       5      16       9       3      11       1       4      14      17
  166300       6      12      13       2      10      20       7      19      15       8      18       5       9      16       3      11       4       1      14      17
  166400       6      12      13       2      10       7      20      19      15      18       8       9       5      16       3      11       4      14       1      17
  166500       6      12      13       2       7      10      19      20      18      15       9       8      16       5       3      11       4      14       1      17
  166600       6      12      13       2       7      10      19      18      20      15       9      16       8       3       5      11       4      14       1      17
  166700       6      12      13       2      10       7      18      19      15      20       9      16       3       8       5      11      14       4       1      17
  166800       6      12      13       2      10      18       7      15      19       9      20      16       3       8       5      11      14       1       4      17
  166900       6      12       2      13      18      10       7      15       9      19      16      20       8       3      11       5      14       1       4      17
  167000       6      12       2      18      13       7      10      15       9      19      16       8      20       3      11       5      14       4       1      17
  167100       6      12      18       2      13       7      15      10      19       9       8      16      20       3       5      11      14       4       1      17
  167200       6      12      18      13       2       7      15      19      10       9       8      20      16       3       5      11      14       1       4      17
  167300       6      12      13      18       7       2      15      19      10       9      20       8       3      16      11       5       1      14       4      17
  167400       6      12      13       7      18      15       2      10      19      20       9       8       3      16      11       5       1      14       4      17
  167500       6      12       7      13      15      18       2      10      20      19       8       9      16       3       5      11      14       1       4      17
  167600       6      12       7      13      15       2      18      20      10       8      19      16       9       3       5      14      11       4       1      17
  167700       6      12      13       7       2      15      20      18       8      10      16      19       3       9       5      14      11       4       1      17
  167800       6      12      13       2       7      20      15       8      18      16      10      19       3       9       5      11      14       1       4      17
  167900       6      12      13       2       7      20       8      15      16      18      19      10       9       3       5      11      14       1       4      17
  168000       6      12      13       7       2      20       8      16      15      18      19      10       9       3       5      14      11       4       1      17
  168100       6      12      13       7       2      20       8      16      18      15      10      19       9       3      14       5      11       4       1      17
  168200       6      12      13       2       7       8      20      18      16      10      15      19       9       3      14       5      11       1       4      17
  168300       6      12      13       2       7       8      18      20      10      16      15      19       9       3       5      14       1      11      17       4
  168400       6      12      13       2       7      18       8      10      20      15      16       9      19       3       5      14       1      11      17       4
  168500       6      12      13       2       7      18      10       8      20      15       9      16      19       3       5      14      11       1       4      17
  168600       6      12      13       7       2      10      18      20       8       9      15      16      19       3       5      11      14       1       4      17
  168700       6      12       7      13      10       2      20      18       9       8      16      15       3      19      11       5       1      14       4      17
  168800       6      12       7      10      13      20       2      18       9       8      16      15       3      19      11       5       1      14       4      17
  168900       6      12       7      10      13      20      18       2       8       9      15      16      19       3       5      11      14       1       4      17
  169000       6      12       7      13      10      20      18       2       8      15       9      16      19       5       3      14      11       4       1      17
  169100       6      12      13       7      20      10       2      18      15       8      16       9      19       5      14       3      11       4       1      17
  169200       6      13      12       7      20       2      10      15      18       8      16       9      19       5      14       3      11       1       4      17
  169300       6      13      12       7      20       2      15      10       8      18       9      16       5      19       3      14      11       1       4      17
  169400       6      12      13      20       7      15       2       8      10      18       9      16       5       3      19      11      14       4       1      17
  169500       6      12      13      20      15       7       8       2      18      10      16       9       3       5      19      11       4      14       1      17
  169600       6      12      13      15      20       8       7      18       2      16      10       9       3      19       5      11       4       1      14      17
  169700       6      12      13      15       8      20       7      18       2      16      10       9      19       3       5      11       4       1      14      17
  169800       6      12      13       8      15       7      20       2      18      10      16       9      19       3       5      11       4      14       1      17
  169900       6      12      13       8       7      15      20       2      10      18       9      16       3      19       5      11      14       4       1      17
  170000       6      13      12       7       8      20      15      10       2      18       9       3      16       5      19      11      14       1       4      17
  170100       6      13       7      12      20       8      10      15      18       2       9       3      16       5      19      11       1      14       4      17
  170200       6      13       7      12      20       8      10      18      15       9       2      16       3      19       5      11       1      14       4      17
  170300       6      13      12       7      20       8      10      18      15       9       2      16      19       3      11       5      14       1       4      17
  170400       6      13      12      20       7      10       8      15      18       2       9      16      19       3      11       5      14       4       1      17
  170500       6      13      12      20       7      10      15       8      18       2      16       9      19       3       5      11      14       4       1      17
  170600       6      12      13       7      20      15      10       8      18      16       2       9      19       5       3      14      11       1       4      17
  170700       6      12       7      13      15      20       8      10      16      18       2       9       5      19       3      14      11       1       4      17
  170800       6      12       7      13      15       8      20      10      16      18       2       9       5       3      19      11      14       4       1      17
  170900       6      12      13       7       8      15      10      20      16      18       2       9       3       5      19      11       4      14       1      17
  171000       6      12      13       7       8      15      10      20      16       2      18       9       3      19       5       4      11      14       1      17
  171100       6      12       7      13       8      15      20      10       2      16       9      18      19       3       5       4      14      11       1      17
  171200       6      12       7      13       8      20      15      10       2       9      16      18      19       5       3      14       4      11       1      17
  171300       6      12      13       7      20       8      10      15       2       9      18      16       5      19       3      14      11       4       1      17
  171400       6      12      13       7      20       8      10      15       2       9      18      16       5       3      19      11      14       1       4      17
  171500       6      12       7      13      20       8      15      10       9       2      16      18       3       5      11      19       1      14       4      17
  171600       6       7      12      13      20      15       8       9      10      16       2      18       3       5      11      19       1      14       4      17
  171700       6       7      13      12      20      15       9       8      16      10      18       2       3       5      19      11      14       1       4      17
  171800       6      13       7      12      20      15       9      16       8      18      10       3       2      19       5      11      14       4       1      17
  171900       6      13      12       7      15      20      16       9      18       8      10       3       2      19      11       5       4      14       1      17
  172000       6      13      12       7      15      16      20      18       9      10       8       2       3      19      11       5       4       1      14      17
  172100       6      13      12       7      16      15      20      18      10       9       2       8      19       3       5      11       1       4      14      17
  172200       6      12      13       7      16      20      15      10      18       2       9       8      19       3       5      11       1      14       4      17
  172300       6      12       7      13      20      16      15      10       2      18       8       9       3      19      11       5      14       1       4      17
  172400       6      12       7      13      20      15      16       2      10      18       8       9       3      19      11       5      14       4       1      17
  172500       6      12      13       7      15      20       2      16      18      10       9       8      19       3       5      11      14       4       1      17
  172600       6      12      13       7      15      20       2      16      18       9      10       8      19       3       5      14      11       1       4      17
  172700       6      12      13       7      20      15      16       2       9      18       8      10       3      19       5      14      11       1       4      17
  172800       6      12      13      20       7      16      15       9       2       8      18       3      10       5      19      11      14       4       1      17
  172900       6      12      13      20       7      16       9      15       8       2       3      18       5      10      19      11      14       4       1      17
  173000       6      12      13      20       7       9      16      15       8       2       3      18       5      19      10      11      14       4       1      17
  173100       6      12      13      20       7       9      15      16       2       8      18       3      19       5      10      11       4      14      17       1
  173200       6      12      13       7      20      15       9       2      16      18       8      19       3      10       5      11       4      14      17       1
  173300       6      12      13       7      20      15       9       2      18      16       8      19      10       3       5      11      14       4       1      17
  173400       6      13      12      20       7      15       9      18       2       8      16      10      19       3       5      11      14       4       1      17
  173500       6      13      12      20       7      15      18       9       8       2      10      16       3      19       5      11      14       4       1      17
  173600       6      12      13       7      20      15      18       8       9      10       2      16       3       5      19      14      11       1       4      17
  173700       6      12      13       7      20      15      18       8       9      10      16       2       3       5      19      14      11       1       4      17
  173800       6      12      13      20       7      18      15       9       8      16      10       2       3      19       5      11      14       4       1      17
  173900       6      12      13      20       7      18       9      15      16       8       2      10      19       3       5      11       4      14       1      17
  174000       6      13      12       7      20       9      18      16      15       8       2      10      19       5       3       4      11       1      14      17
  174100       6      13      12       7      20       9      16      18       8      15       2      10       5      19       4       3       1      11      14      17
  174200       6      12      13      20       7      16       9       8      18      15       2      10       5      19       4       3       1      11      14      17
  174300       6      12      13      20      16       7       8       9      15      18      10       2      19       5       3       4      11       1      14      17
  174400       6      13      12      20      16       8       7      15       9      18      10      19       2       5       3      11       4       1      14      17
  174500       6      13      12      20      16       8       7      15       9      18      19      10       2       5       3      11       1       4      14      17
  174600       6      12      13      16      20       7       8      15       9      18      19      10       2       5       3      11       1      14       4      17
  174700       6      12      13      16       7      20      15       8      18       9      19      10       2       5       3      11      14       1      17       4
  174800       6      12      13       7      16      15      20      18       8       9      19      10       2       5       3      14      11       1      17       4
  174900       6      12      13       7      16      15      20      18       9       8      19      10       5       2       3      14      11       1       4      17
  175000       6      12      13      16       7      20      15       9      18       8      19      10       5       2       3      11      14       4       1      17
  175100       6      12      13      16      20       7       9      15       8      18      10      19       2       5       3      11       4      14      17       1
  175200       6      12      13      20      16       9       7       8      15      18      10       2      19       3       5       4      11      14      17       1
  175300       6      12      13      20      16       9       7       8      18      15       2      10       3      19       5       4      14      11       1      17
  175400       6      12      13      16      20       7       9      18       8      15       2      10       3      19       5      14       4       1      11      17
  175500       6      12      13      16      20       7       9      18      15       8      10       2      19       3      14       5       1       4      11      17
  175600       6      13      12      20      16       9       7      15      18      10       8      19       2       3      14       5       1      11       4      17
  175700       6      13      12      20      16       9       7      15      18      10      19       8       2       3       5      14      11       1       4      17
  175800       6      12      13      20      16       7       9      15      18      19      10       8       2       3       5      11      14       4       1      17
  175900       6      12      20      13       7      16       9      15      19      18       8      10       3       2       5      11      14       4       1      17
  176000       6      12      20      13       7       9      16      15      19      18       8      10       3       2       5      14      11       1       4      17
  176100       6      12      13      20       9       7      16      15      18      19      10       8       2       3       5      14      11       1      17       4
  176200       6      13      12      20       9      16       7      18      15      10      19       8       2       5       3      14      11       1      17       4
  176300       6      13      12      20      16       9      18       7      10      15       8      19       2       5       3      14      11       1       4      17
  176400       6      12      13      20      16       9      18       7      10       8      15      19       2       3       5      11      14       4       1      17
  176500       6      12      20      13       9      16       7      18       8      10      15      19       2       3       5      11      14       4       1      17
  176600       6      12      20      13       9       7      16       8      18      15      10       2      19       3       5      11      14       1       4      17
  176700       6      12      13      20       7       9      16       8      18      15       2      10       3      19       5      11      14       1       4      17
  176800       6      12      13      20       7       9      16      18       8      15       2      10       3      19       5      14      11       4       1      17
  176900       6      12      13      20       9       7      16      18      15       8      10       2      19       3      14       5       4      11       1      17
  177000       6      13      12      20       9       7      16      15      18      10       8      19       2       3      14       5       4       1      11      17
  177100       6      13      12      20       7       9      16      15      18      10       8      19       2       3       5      14       4       1      11      17
  177200       6      12      13      20       7       9      16      18      15       8      10       2      19       3       5       4      14      11       1      17
  177300       6      12      20      13       9       7      16      18      15       8      10       2       3      19       5       4      11      14      17       1
  177400       6      20      12      13       9      16       7      18      15      10       8       2       3       5      19      11       4      14      17       1
  177500       6      20      12      13       9      16       7      18      10      15       8       2       3       5      19      11      14       4       1      17
  177600       6      12      20      13       9       7      16      18      10       8      15       3       2      19       5      11      14       1       4      17
  177700       6      12      13      20       7       9      18      16       8      10      15       3      19       2       5      11      14       1       4      17
  177800       6      12      13       7      20      18       9       8      16      15      10      19       3       2       5      14      11       4       1      17
  177900       6      12      13       7      20      18       8       9      15      16      10      19       2       3       5      14       4      11       1      17
  178000       6      12      13      20       7       8      18       9      15      10      16       2      19       3       5       4      14      11       1      17
  178100       6      12      13      20       7       8      18       9      15      10      16       2       3      19       5       4      11      14       1      17
  178200       6      12      13      20       7       8      18      15       9      16      10       3       2       5      19       4      11      14       1      17
  178300       6      12      13      20       8       7      15      18       9      16       3      10       2       5      19       4      14      11       1      17
  178400       6      13      12       8      20       7      15       9      18       3      16       2      10      19       5      14       4      11       1      17
  178500       6      13      12       8      20       7       9      15      18       3       2      16      10      19       5      14      11       4       1      17
  178600       6      12      13      20       8       9       7      18      15       2       3      16      10       5      19      11      14       1       4      17
  178700       6      12      13      20       9       8      18       7      15       2      16       3       5      10      19      11      14       1       4      17
  178800       6      13      12       9      20      18       8      15       7      16       2       3       5      19      10      14      11       4       1      17
  178900       6      13      12       9      18      20      15       8      16       7       2       3      19       5      10      14      11       4       1      17
  179000       6      12      13      18       9      15      20      16       8       7       2      19       3      10       5      14      11       1       4      17
  179100       6      12      18      13       9      15      20      16       8       7      19       2      10       3       5      14       1      11       4      17
  179200       6      18      12      13       9      20      15      16       8       7      19      10       2       3       5      14       1       4      11      17
  179300       6      18      13      12      20       9      16      15       7       8      19      10       3       2       5      14       1       4      11      17
  179400       6      13      18      12      20      16       9       7      15       8      19       3      10       2       5       1      14      11       4      17
  179500       6      13      12      18      20      16       7       9       8      15       3      19       2      10       5       1      14      11       4      17
  179600       6      12      13      20      18      16       7       8       9      15       3       2      19      10       5      14       1      11       4      17
  179700       6      12      13      20      18      16       7       8      15       9       2       3      10      19       5      14      11       1       4      17
  179800       6      13      12      18      20       7      16      15       8       9       2       3      10      19       5      11      14       4       1      17
  179900       6      13      18      12       7      20      15      16       9       8       2       3      10      19       5      11       4      14       1      17
  180000       6      13      18      12       7      15      20      16       9       2       8      10       3       5      19       4      11       1      14      17
  180100       6      13      12      18      15       7      20      16       9       2       8      10       3       5      19       4      11       1      14      17
  180200       6      12      13      18      15      20       7      16       9       8       2       3      10      19       5      11       4      14       1      17
  180300       6      12      13      18      15      20      16       7       9       8       3       2      19      10       5      11      14       4      17       1
  180400       6      13      12      15      18      16      20       9       7       8       3      19       2       5      10      14      11       4      17       1
  180500       6      13      12      15      18      16      20       9       8       7      19       3       2       5      10      14      11       4       1      17
  180600       6      13      12      18      15      20      16       8       9       7      19       3       2      10       5      11      14       1       4      17
  180700       6      13      12      18      15      20       8      16       7       9       3      19      10       2       5      11      14       1       4      17
  180800       6      12      13      18      15      20       8       7      16       9       3      19      10       2       5      14      11       4       1      17
  180900       6      12      18      13      15      20       7       8       9      16      19       3       2      10       5      14       4      11       1      17
  181000       6      18      12      13      15       7      20       9       8      16      19       2       3      10       5       4      14      11       1      17
  181100       6      18      12      13       7      15       9      20      16       8       2      19      10       3       5       4      11      14       1      17
  181200       6      12      18      13       7       9      15      16      20       8       2      10      19       3       5      11       4       1      14      17
  181300       6      12      18      13       7       9      15      16       8      20      10       2       3      19      11       5       1       4      14      17
  181400       6      12      18      13       7      15       9       8      16      10      20       3       2      19      11       5       1      14       4      17
  181500       6      12      13      18      15       7       9       8      10      16      20       3      19       2       5      11      14       1       4      17
  181600       6      12      13      15      18       9       7      10       8      20      16      19       3       2       5      14      11       4       1      17
  181700       6      12      13      15      18       9       7      10      20       8      16      19       2       3      14       5       4      11       1      17
  181800       6      12      13      18      15       7       9      20      10      16       8      19       2       3      14       5       4       1      11      17
  181900       6      12      13      18      15       7      20       9      16      10       8      19       3       2       5      14       4       1      11      17
  182000       6      12      13      18      15      20       7      16       9       8      10       3      19       2       5      14       4      11       1      17
  182100       6      12      13      18      15      20       7      16       8       9      10       3       2      19       5      14      11       4       1      17
  182200       6      12      13      18      15       7      20       8      16      10       9       2       3       5      19      11      14       4       1      17
  182300       6      12      18      13      15       7      20       8      16      10       2       9       3       5      19      11      14       4       1      17
  182400       6      18      12      13      15      20       7      16       8      10       2       9       3      19       5      14      11       1       4      17
  182500       6      18      13      12      15      20      16       7      10       8       9       2      19       3       5      14      11       1       4      17
  182600       6      13      18      12      15      16      20      10       7       8       9      19       2       3       5      14      11       4       1      17
  182700       6      13      18      12      15      16      10      20       8       7       9      19       3       2       5      14       4      11       1      17
  182800       6      18      13      12      15      10      16       8      20       7       9       3      19       2       5       4      14      11       1      17
  182900       6      18      12      13      10      15       8      16       7      20       9       3       2      19       5       4      11      14       1      17
  183000       6      18      12      13      10      15       8       7      16       9      20       3       2       5      19      11       4      14       1      17
  183100       6      18      13      12      15      10       7       8       9      16      20       3       5       2      19      11      14       4       1      17
  183200       6      18      13      12      15       7      10       9       8      20      16       3       5      19       2      11      14       4       1      17
  183300       6      18      12      13      15       7       9      10      20       8       3      16      19       5       2      11       4      14       1      17
  183400       6      12      18      15      13       9       7      20      10       8       3      16      19       2       5      11       4      14       1      17
  183500       6      12      18      15      13       9       7      20       8      10      16       3       2      19       5      11      14       4       1      17
  183600       6      18      12      13      15       7       9       8      20      16      10       2       3      19       5      14      11       4       1      17
  183700       6      18      12      13       7      15       8       9      20      16      10       2      19       3       5      14      11       4       1      17
  183800       6      12      18      13       7       8      15      20       9      10      16       2      19       3       5      14      11       4       1      17
  183900       6      12      13      18       8       7      20      15      10       9      16       2      19       3       5      14       4      11      17       1
  184000       6      13      12      18       8      20       7      10      15      16       9      19       2       5       3       4      14      11      17       1
  184100       6      13      18      12      20       8      10       7      15      16       9      19       2       5       3       4      11      14       1      17
  184200       6      13      18      12      20       8      10      15       7       9      16       2      19       3       5      11       4       1      14      17
  184300       6      13      12      18      20       8      15      10       9       7      16       2       3      19       5      11       4       1      14      17
  184400       6      13      12      18      20      15       8       9      10      16       7       2       3       5      19      11       4      14       1      17
  184500       6      13      18      12      15      20       8       9      16      10       2       7       3       5      19      11      14       4       1      17
  184600       6      13      18      15      12       8      20       9      16      10       2       7       3      19       5      11      14       1       4      17
  184700       6      13      15      18      12       8      20       9      10      16       7       2      19       3       5      11       1      14       4      17
  184800       6      13      15      12      18      20       8      10       9       7      16      19       2       3       5      11       1      14       4      17
  184900       6      13      12      15      18      20       8      10       7       9      16      19       3       2       5      11      14       1       4      17
  185000       6      13      12      18      15       8      20       7      10      16       9      19       3       2       5      14      11       4       1      17
  185100       6      13      12      18      15       8      20       7      16      10      19       9       2       3       5      14      11       4       1      17
  185200       6      12      13      18      15      20       8      16       7      10      19       9       2       5       3      14      11       1       4      17
  185300       6      12      13      18      15      20       8      16       7      10       9      19       2       5       3      14       1      11       4      17
  185400       6      13      12      15      18       8      20       7      16       9      10      19       2       3       5      14       1      11       4      17
  185500       6      13      15      12      18       8       7      20       9      16      19      10       3       2       5      14      11       1       4      17
  185600       6      15      13      12      18       8       7      20       9      16      19       3      10       2       5      11      14       4       1      17
  185700       6      15      13      12      18       8      20       7      16       9       3      19       2      10       5      11       4      14       1      17
  185800       6      13      15      12      18       8      20      16       7       9       3      19       2      10       5      11       4       1      14      17
  185900       6      13      12      15      18       8      20      16       9       7       3      19       2      10       5      11       1       4      14      17
  186000       6      13      12      18      15       8      20      16       9       3       7      19       2      10       5      11       1      14       4      17
  186100       6      13      18      12      15       8      20      16       3       9       7      19      10       2       5      11      14       1       4      17
  186200       6      18      13      12      15      20       8       3      16       7       9      19      10       2       5      14      11       1       4      17
  186300       6      18      13      12      15      20       8       3       7      16       9      19       2      10       5      14      11       1       4      17
  186400       6      13      18      12      15       8      20       7       3      16       9       2      19      10       5      11      14       4       1      17
  186500       6      13      12      18       8      15       7      20      16       3       9       2      10      19       5      11       4      14       1      17
  186600       6      13      12      18       8      15       7      16      20       3       9       2      10      19       5       4      11       1      14      17
  186700       6      13      12      18      15       8      16       7       3      20       2       9      10      19       5       4       1      11      14      17
  186800       6      12      13      15      18      16       8       7       3      20       2       9      10      19       5       1       4      14      11      17
  186900       6      12      13      15      18      16       8       7       3      20       9       2      19      10       5       1      14       4      11      17
  187000       6      13      12      18      15       8      16       7       3       9      20      19       2      10       5      14       1      11       4      17
  187100       6      13      18      12       8      15      16       7       3       9      20      19      10       2      14       5      11       1       4      17
  187200       6      13      18      12       8      16      15       3       7      20       9      10      19       2      14       5      11       4       1      17
  187300       6      13      12      18       8      16      15       3      20       7       9      10       2      19       5      14       4      11       1      17
  187400       6      13      12      18       8      15      16       3      20       7       9       2      10      19       5       4      14      11       1      17
  187500       6      13      18      12      15       8       3      16       7      20       2       9      10      19       5       4      11      14       1      17
  187600       6      13      18      12      15       8       3       7      16       2      20       9      10      19       5      11       4      14       1      17
  187700       6      13      12      18      15       8       7       3      16       2      20       9      10      19      11       5      14       4       1      17
  187800       6      13      12      18      15       7       8       3      16       2      20      10       9      19      11       5      14       4       1      17
  187900       6      13      12      18      15       7       3       8       2      16      20      10      19       9       5      11       4      14       1      17
  188000       6      12      13      15      18       7       3       8       2      20      16      10      19       9       5       4      11       1      14      17
  188100       6      12      13      15      18       7       8       3      20       2      10      16       9      19       5       4      11       1      17      14
  188200       6      13      12      15      18       8       7      20       3      10       2      16       9       5      19      11       4       1      17      14
  188300       6      13      15      12      18       8      20       7      10       3      16       2       9       5      19      11       1       4      14      17
  188400       6      13      15      18      12       8      20      10       7      16       3       9       2       5      19      11       1      14       4      17
  188500       6      13      18      15      12       8      20      10      16       7       9       3       2       5      19      11      14       1       4      17
  188600       6      13      18      12      15      20       8      16      10       7       9       3       2      19       5      11      14       4       1      17
  188700       6      13      12      18      15      20      16       8       7      10       9       3       2      19       5      11       4      14       1      17
  188800       6      13      12      15      18      16      20       7       8       9      10       3       2      19       5      11       4       1      14      17
  188900       6      13      15      12      18      16      20       7       9       8       3      10       2      19       5      11       1       4      14      17
  189000       6      13      15      12      18      20      16       9       7       8       3       2      10       5      19       1      11      14       4      17
  189100       6      13      12      15      18      20       9      16       8       7       2       3      10       5      19       1      14      11       4      17
  189200       6      13      12      18      15       9      20      16       8       2       7       3      10      19       5      14       1      11       4      17
  189300       6      13      12      18      15       9      16      20       8       2       7       3      10      19       5      14      11       1       4      17
  189400       6      13      12      15      18      16       9       8      20       7       2       3      10      19       5      11      14       4       1      17
  189500       6      13      12      15      18      16       8       9       7      20       3       2      19      10       5      11       4      14       1      17
  189600       6      12      13      18      15       8      16       7       9      20       3       2      19      10       5       4      11      14       1      17
  189700       6      12      13      18       8      15       7      16      20       9       2       3      10      19       5       4      14      11       1      17
  189800       6      13      12      18       8       7      15      20      16       2       9       3      10      19       5      14       4       1      11      17
  189900       6      13      12      18       8       7      15      20      16       2       3       9      10      19       5      14       1       4      11      17
  190000       6      12      13      18       8      15       7      16      20       3       2       9      10       5      19       1      14      11       4      17
  190100       6      12      13      18       8      15       7      16       3      20       9       2      10       5      19       1      14      11       4      17
  190200       6      13      12       8      18       7      15      16       3       9      20      10       2      19       5      14       1      11       4      17
  190300       6      13      12       8      18       7      15      16       9       3      20      10      19       2       5      14      11       1       4      17
  190400       6      12      13      18       8      15       7      16       9      20       3      19      10       5       2      14      11       4       1      17
  190500       6      12      18      13       8      15      16       7      20       9      19       3      10       5       2      14      11       4       1      17
  190600       6      12      18      13       8      15      16      20       7      19       9      10       3       2       5      11      14       1       4      17
  190700       6      12      13      18       8      15      20      16      19       7       9      10       2       3       5      11      14       1       4      17
  190800       6      12      13      18       8      20      15      19      16       7       9       2      10       3       5      11      14       1       4      17
  190900       6      12      13      18       8      20      15      19       7      16       9       2       3      10      11       5       1      14       4      17
  191000       6      12      13      18       8      15      20       7      19      16       9       2       3      10      11       5       1       4      14      17
  191100       6      12      18      13      15       8       7      20      16      19       9       2      10       3       5      11       1       4      14      17
  191200       6      12      18      13      15       7       8      16      20       9      19      10       2       3       5      11       1      14       4      17
  191300       6      12      13      18       7      15       8      16       9      20      10      19       3       2      11       5      14       1       4      17
  191400       6      12      13       7      18       8      15       9      16      20      10       3      19       2      11       5      14       1       4      17
  191500       6      12      13       7      18       8      15       9      16      20       3      10      19       2       5      11      14       1       4      17
  191600       6      13      12      18       7      15       8      16       9      20       3      19      10       2       5      11      14       4       1      17
  191700       6      13      18      12      15       7       8      16      20       9      19       3       2      10       5      11      14       4       1      17
  191800       6      13      18      12      15       8       7      20      16       9      19       2       3      10       5      11      14       1       4      17
  191900       6      13      12      18       8      15      20       7       9      16       2      19       3      10      11       5       1      14       4      17
  192000       6      13      12      18       8      15      20       9       7       2      16       3      19      10      11       5       1       4      14      17
  192100       6      13      18      12      15       8       9      20       7       2      16       3      10      19       5      11       4       1      14      17
  192200       6      13      18      12      15       9       8       7      20      16       2      10       3      19       5      11       4      14       1      17
  192300       6      13      12      18      15       9       7       8      16      20      10       2      19       3       5      11      14       4       1      17
  192400       6      12      13      18      15       7       9      16       8      20      10      19       2       3       5      11      14       4       1      17
  192500       6      12      18      13      15       7      16       9       8      20      19      10       3       2       5      11       4      14       1      17
  192600       6      18      12      13      15      16       7       8       9      20      19       3      10       2       5       4      11       1      14      17
  192700       6      18      12      13      16      15       8       7      20       9      19       3      10       2       5       4       1      11      14      17
  192800       6      18      12      13      16       8      15      20       7      19       9       3      10       5       2       4       1      11      14      17
  192900       6      18      12      13       8      16      15      20      19       7       3       9      10       5       2       4      11       1      14      17
  193000       6      12      18      13       8      15      16      19      20       7       3      10       9       2       5      11       4      14       1      17
  193100       6      12      18      13      15       8      16      19       7      20      10       3       9       2       5      11      14       4       1      17
  193200       6      18      12      15      13       8      16       7      19      20      10       9       3       5       2      11      14       4       1      17
  193300       6      18      12      15      13       8      16       7      20      19       9      10       3       5       2      11      14       4       1      17
  193400       6      12      18      13      15      16       8      20       7       9      19       3      10       2       5      14      11       1       4      17
  193500       6      12      13      18      16      15      20       8       9       7       3      19       2      10       5      14      11       1       4      17
  193600       6      13      12      18      16      15      20       8       9       3       7      19       2       5      10      11      14       4       1      17
  193700       6      13      12      18      15      16       8      20       3       9       7      19       2       5      10      11       4      14       1      17
  193800       6      13      12      15      18       8      16       3      20       7       9      19       2      10       5      11       4      14       1      17
  193900       6      13      12      15      18       8       3      16       7      20      19       9      10       2       5      11      14       4      17       1
  194000       6      13      12      18      15       3       8       7      16      19      20       9      10       2       5      11      14       4      17       1
  194100       6      13      18      12      15       3       7       8      16      19      20       9       2      10       5      11       4      14       1      17
  194200       6      13      18      15      12       7       3      16       8      20      19       9       2      10       5      11       4      14       1      17
  194300       6      13      18      15      12       7      16       3      20       8       9      19      10       2       5      11      14       4       1      17
  194400       6      18      13      12      15      16       7      20       3       9       8      19      10       2       5      11      14       1       4      17
  194500       6      18      12      13      15      16      20       7       9       3      19       8      10       2       5      11      14       1       4      17
  194600       6      12      18      13      15      20      16       9       7      19       3       8      10       2       5      11      14       4       1      17
  194700       6      12      18      13      15      20       9      16       7      19       8       3      10       2       5      11       4      14       1      17
  194800       6      18      12      15      13       9      20      16       7      19       8       3      10       2       5      11       4      14       1      17
  194900       6      18      12      15      13       9      16      20      19       7       8       3       2      10       5      11      14       4       1      17
  195000       6      18      12      13      15      16       9      19      20       8       7       2       3      10       5      14      11       4       1      17
  195100       6      18      12      13      15      16      19       9      20       8       7       2       3      10       5      14      11       4       1      17
  195200       6      18      12      13      15      19      16       9      20       8       7       3       2      10       5      11      14       4       1      17
  195300       6      18      12      13      15      19       9      16       8      20       7       3      10       2      11       5       4      14       1      17
  195400       6      18      12      15      13      19       9       8      16       7      20      10       3       2      11       5       4      14       1      17
  195500       6      18      15      12      13      19       8       9      16       7      10      20       2       3       5      11       4      14       1      17
  195600       6      18      15      12      13       8      19      16       9       7      10      20       2       3       5      11       4      14       1      17
  195700       6      18      12      15      13       8      16      19       7       9      20      10       3       2       5      11      14       4       1      17
  195800       6      18      12      15      13      16       8       7      19       9      20      10       3       5       2      14      11       4       1      17
  195900       6      18      15      12      13      16       8       7       9      19      10      20       3       5       2      14      11       4       1      17
  196000       6      18      15      12      13       8      16       9       7      19      10      20       3       2       5      11      14       4       1      17
  196100       6      18      12      15       8      13       9      16       7      19      20      10       2       3       5      11      14       4       1      17
  196200       6      18      12      15       8      13       9       7      16      19      20      10       2       3       5      11      14       4       1      17
  196300      18       6      15      12      13       8       7       9      16      19      20      10       3       2      11       5       4      14      17       1
  196400      18       6      15      12      13       8       7      16       9      20      19      10       3       2      11       5       4      14      17       1
  196500      18       6      12      15      13       8      16       7      20       9      19      10       3       2       5      11      14       4       1      17
  196600      18       6      12      15      13      16       8      20       7      19       9      10       3       2       5      14      11       4       1      17
  196700      18       6      12      15      13      16      20       8      19       7       9      10       2       3       5      14       4      11       1      17
  196800      18       6      12      15      13      20      16      19       8       9       7      10       2       3       5       4      14      11       1      17
  196900      18       6      15      12      13      20      19      16       9       8      10       7       3       2       5       4      11      14       1      17
  197000      18      15       6      12      13      19      20       9      16      10       8       7       3       5       2      11       4      14       1      17
  197100      18      15       6      12      13      19       9      20      10      16       8       7       5       3       2      11      14       4       1      17
  197200      18       6      15      12      13       9      19      20      10      16       8       7       5       3       2      11      14       4       1      17
  197300       6      18      15      12      13       9      20      19      16      10       7       8       3       5       2      11       4      14      17       1
  197400       6      15      18      12      13      20       9      16      19      10       7       8       3       5       2      11       4      14      17       1
  197500       6      15      12      18      13      20      16       9      10      19       8       7       3       5       2      11      14       4       1      17
  197600       6      12      15      13      18      16      20      10       9      19       8       7       3       2       5      11      14       4       1      17
  197700       6      12      13      15      18      16      20      10       9      19       7       8       2       3       5      11       4      14      17       1
  197800       6      12      13      18      15      16      20       9      10       7      19       8       2       5       3      11       4      14      17       1
  197900       6      12      18      13      15      16       9      20       7      10      19       8       5       2      11       3      14       4       1      17
  198000       6      18      12      15      13      16       9      20       7      19      10       8       5       2      11       3      14       4       1      17
  198100       6      18      15      12      16      13      20       9      19       7       8      10       2       5       3      11       4      14       1      17
  198200       6      18      15      12      16      13      20      19       9       8       7      10       2       3       5      11       4      14       1      17
  198300       6      18      15      12      13      16      20      19       8       9      10       7       3       2       5      11      14       4      17       1
  198400       6      18      15      12      13      16      20       8      19       9      10       7       3       2       5      14      11       4      17       1
  198500       6      18      15      12      16      13       8      20       9      19       7      10       3       2      14       5      11       4       1      17
  198600       6      15      18      12      16      13       8       9      20       7      19       3      10       2      14       5      11       4       1      17
  198700       6      15      18      12      13      16       9       8       7      20       3      19       2      10       5      14      11       4       1      17
  198800       6      15      18      12      13      16       9       7       8      20       3      19       2       5      10      11      14       4       1      17
  198900       6      15      12      18      13      16       9       7      20       8      19       3       2       5      10      11       4      14      17       1
  199000       6      15      12      18      13      16       9      20       7      19       8       3       2      10       5       4      11      14      17       1
  199100       6      15      18      12      13      16       9      20       7      19       3       8      10       2       4       5      14      11       1      17
  199200       6      18      15      12      13       9      16       7      20       3      19      10       8       2       4       5      14      11       1      17
  199300       6      18      15      12      13       9      16       7       3      20      10      19       2       8       5       4      11      14       1      17
  199400       6      15      18      12      13      16       9       3       7      10      20      19       2       8       5      11       4      14       1      17
  199500       6      15      18      12      13      16       9       3      10       7      19      20       8       2       5      11       4      14      17       1
  199600       6      15      18      13      12       9      16      10       3      19       7       8      20       2       5       4      11      14      17       1
  199700      15       6      18      13      12       9      16      10      19       3       8       7      20       2       5       4      14      11       1      17
  199800      15       6      18      12      13      16       9      19      10       3       8       7      20       5       2       4      14      11       1      17
  199900      15       6      12      18      13      16      19       9       3      10       7       8       5      20       2       4      11      14       1      17
  200000      15       6      12      18      13      19      16       3       9       7      10       8       5       2      20       4      11      14       1      17
