     100       2       1       4       3       5       6       7       8      10       9      11      12      14      13      15      16      18      17      20      19
     200       3       1       5       2       4       7       6       9      11       8      10      13      15      12      14      17      18      16      20      19
     300       4       2       6       1       3       8       5      10      12       7       9      14      16      11      13      18      17      15      19      20
     400       5       3       6       1       2       9       4      11      13       7       8      15      17      10      12      18      16      14      19      20
     500       6       4       5       1       2      10       3      12      14       7       8      16      18       9      11      17      15      13      19      20
     600       6       4       5       1       3      11       2      13      14       7       9      17      19       8      10      16      15      12      18      20
     700       6       3       5       2       4      12       1      14      13       8      10      18      19       7       9      15      16      11      17      20
     800       7       3       4       2       5      12       1      14      13       9      11      19      18       6       8      15      17      10      16      20
     900       7       3       4       2       6      11       1      14      13      10      12      20      17       5       8      16      18       9      15      19
    1000       6       2       5       3       7      10       1      15      12      11      13      20      16       4       9      17      18       8      14      19
    1100       6       1       5       4       8       9       2      15      12      11      14      19      16       3      10      18      17       7      13      20
    1200       7       1       4       5       9       8       2      14      13      10      15      18      16       3      11      19      17       6      12      20
    1300       8       1       3       6      10       7       2      13      14       9      16      17      15       4      12      20      18       5      11      19
    1400       9       1       2       7      11       6       3      12      15       8      17      16      14       5      13      20      19       4      10      18
    1500      10       1       2       8      12       5       4      11      16       7      18      15      13       6      14      19      20       3       9      17
    1600      11       1       3       9      13       4       5      10      17       6      19      14      12       7      15      18      20       2       8      16
    1700      12       2       3      10      14       4       6       9      18       5      19      13      11       8      15      17      20       1       7      16
    1800      13       2       3      11      15       5       7       8      18       4      19      12      10       9      14      16      20       1       6      17
    1900      14       2       4      12      16       6       8       7      18       3      19      11       9      10      13      15      20       1       5      17
    2000      15       3       5      13      17       7       9       6      18       2      19      10       8      11      12      14      20       1       4      16
    2100      16       4       6      14      18       8      10       5      17       2      19       9       7      12      11      13      20       1       3      15
    2200      17       5       7      15      19       9      11       4      16       2      18       8       6      13      10      12      20       1       3      14
    2300      18       6       8      16      20      10      12       3      15       2      17       7       5      14       9      11      19       1       4      13
    2400      19       7       9      17      20      11      13       2      14       3      16       6       4      15       8      10      18       1       5      12
    2500      19       8      10      18      20      12      14       2      13       4      15       5       3      16       7       9      17       1       6      11
    2600      18       9      11      19      20      13      15       3      12       5      14       4       2      17       6       8      16       1       7      10
    2700      17      10      12      20      19      14      15       4      11       6      13       3       2      18       5       7      16       1       8       9
    2800      16      11      13      20      19      15      14       5      10       7      12       2       3      18       4       6      17       1       9       8
    2900      15      12      14      20      19      16      13       6       9       8      11       1       4      17       3       5      18       2      10       7
    3000      14      13      15      20      19      17      12       7       8       9      10       1       5      16       3       4      18       2      11       6
    3100      13      14      16      20      19      18      11       8       7      10       9       1       6      15       4       3      17       2      12       5
    3200      12      15      17      20      18      19      10       9       6      11       8       1       7      14       5       2      16       3      13       4
    3300      11      16      18      20      17      19       9      10       6      12       7       1       8      13       5       2      15       4      14       3
    3400      10      17      19      20      16      18       8      11       6      13       7       1       9      12       4       3      14       5      15       2
    3500       9      18      20      19      15      17       7      12       5      14       8       1      10      11       4       3      13       6      16       2
    3600       8      19      20      18      14      16       6      13       5      15       9       1      11      10       4       2      12       7      17       3
    3700       7      20      19      18      13      15       5      14       6      16      10       1      12       9       4       2      11       8      17       3
    3800       6      20      18      19      13      14       4      15       7      16      11       1      12       8       5       2      10       9      17       3
    3900       5      19      18      20      13      14       4      16       8      15      12       1      11       7       6       2       9      10      17       3
    4000       4      19      18      20      12      14       5      17       9      15      13       1      10       6       7       2       8      11      16       3
    4100       3      20      17      19      11      14       6      18      10      16      13       1       9       5       8       2       7      12      15       4
    4200       2      20      16      18      10      14       7      19      11      17      12       1       8       4       9       3       6      13      15       5
    4300       2      20      16      18       9      13       8      19      12      17      11       1       7       4      10       3       5      14      15       6
    4400       2      20      16      19       8      12       9      18      13      17      10       1       6       5      11       3       4      15      14       7
    4500       2      20      15      19       7      11      10      17      14      18       9       1       5       6      12       4       3      16      13       8
    4600       2      20      15      18       6      10      11      17      14      19       8       1       4       7      13       5       3      16      12       9
    4700       2      20      15      17       5       9      12      18      13      19       7       1       3       8      14       6       4      16      11      10
    4800       3      20      15      17       5       8      13      19      12      18       6       1       2       9      14       7       4      16      11      10
    4900       3      19      15      18       6       7      14      20      11      17       5       1       2      10      13       8       4      16      12       9
    5000       3      19      15      18       7       6      14      20      10      17       5       1       2      11      12       9       4      16      13       8
    5100       3      20      16      17       8       6      13      19       9      18       5       1       2      12      11      10       4      15      14       7
    5200       3      20      16      17       9       6      12      18       8      19       4       1       2      13      10      11       5      15      14       7
    5300       4      20      15      17      10       5      11      18       7      19       3       1       2      14       9      12       6      16      13       8
    5400       4      20      14      17      11       5      10      19       6      18       3       1       2      15       8      12       7      16      13       9
    5500       3      20      14      18      12       6       9      19       5      17       4       1       2      16       8      11       7      15      13      10
    5600       3      20      14      19      13       7       8      18       5      17       4       1       2      16       9      11       6      15      12      10
    5700       3      19      14      20      13       7       8      17       6      18       4       1       2      15       9      12       5      16      11      10
    5800       3      19      15      20      13       7       8      16       6      18       5       1       2      14       9      12       4      17      10      11
    5900       3      20      15      19      13       8       7      16       5      17       6       1       2      14      10      11       4      18       9      12
    6000       3      20      14      19      12       9       6      17       5      16       7       1       2      15      11      10       4      18       8      13
    6100       3      19      14      20      12       9       5      18       6      16       8       1       2      15      11      10       4      17       7      13
    6200       2      18      14      20      12       8       5      19       6      17       9       1       3      15      10      11       4      16       7      13
    6300       2      18      14      20      12       7       6      19       5      17      10       1       3      16       9      11       4      15       8      13
    6400       3      19      15      20      13       7       6      18       4      16      11       1       2      17       8      10       5      14       9      12
    6500       3      20      15      19      14       8       5      17       4      16      12       1       2      18       7      10       6      13       9      11
    6600       3      20      14      19      15       9       4      17       5      16      12       1       2      18       6      11       7      13       8      10
    6700       3      19      13      20      16       9       4      17       5      15      12       1       2      18       6      11       7      14       8      10
    6800       2      18      12      20      17       9       4      16       5      14      13       1       3      19       7      11       6      15       8      10
    6900       2      18      12      19      17       9       4      15       6      14      13       1       3      20       8      11       5      16       7      10
    7000       2      18      13      19      16       8       5      14       6      15      12       1       3      20       9      10       4      17       7      11
    7100       2      18      14      20      15       7       6      13       5      16      11       1       4      19      10       9       3      17       8      12
    7200       2      19      15      20      14       6       7      12       5      16      10       1       4      18      11       9       3      17       8      13
    7300       2      20      16      19      13       5       8      11       6      15       9       1       4      17      12      10       3      18       7      14
    7400       2      20      17      19      12       5       9      10       6      14       8       1       4      16      13      11       3      18       7      15
    7500       2      19      17      20      12       5      10       9       6      13       7       1       4      16      14      11       3      18       8      15
    7600       2      19      16      20      12       4      11       9       7      13       6       1       5      17      15      10       3      18       8      14
    7700       2      20      16      19      11       4      12      10       8      14       5       1       6      18      15       9       3      17       7      13
    7800       2      20      17      19      11       5      12      10       8      15       4       1       6      18      14       9       3      16       7      13
    7900       2      19      17      20      12       6      11      10       8      15       4       1       5      18      13       9       3      16       7      14
    8000       2      18      16      20      13       6      10      11       9      15       5       1       4      19      12       8       3      17       7      14
    8100       2      18      15      20      14       5       9      12      10      16       6       1       3      19      11       8       4      17       7      13
    8200       2      19      14      20      15       5       8      13      11      17       6       1       3      18      10       9       4      16       7      12
    8300       2      20      13      19      15       5       7      14      12      17       6       1       4      18       9      10       3      16       8      11
    8400       2      20      13      18      14       5       6      15      12      16       7       1       4      19       8      11       3      17       9      10
    8500       2      20      14      18      13       5       6      16      11      15       7       1       4      19       8      12       3      17       9      10
    8600       3      20      15      19      12       5       6      17      10      14       7       1       4      18       9      13       2      16       8      11
    8700       3      19      16      20      11       6       5      17       9      13       8       1       4      18      10      14       2      15       7      12
    8800       2      18      17      20      10       6       5      16       8      12       9       1       4      19      11      14       3      15       7      13
    8900       2      18      17      20       9       6       5      15       8      11      10       1       3      19      12      13       4      16       7      14
    9000       2      19      16      20       8       7       5      15       9      11      10       1       3      18      12      13       4      17       6      14
    9100       2      20      15      19       7       8       5      16      10      12       9       1       4      17      11      14       3      18       6      13
    9200       2      20      15      19       7       9       5      16      11      13       8       1       4      17      10      14       3      18       6      12
    9300       2      19      16      20       7       9       5      15      12      14       8       1       4      18      10      13       3      17       6      11
    9400       2      18      16      20       6       8       5      14      13      15       9       1       4      19      11      12       3      17       7      10
    9500       2      17      15      20       6       7       5      14      13      16      10       1       4      19      12      11       3      18       8       9
    9600       2      17      15      20       7       6       5      14      12      16      10       1       4      18      13      11       3      19       8       9
    9700       2      18      16      20       8       6       5      13      11      15       9       1       3      17      14      12       4      19       7      10
    9800       3      19      16      20       9       7       5      13      10      15       8       1       2      17      14      12       4      18       6      11
    9900       3      20      15      19       9       7       6      14      10      16       8       1       2      17      13      11       4      18       5      12
   10000       2      20      15      19       8       6       7      14      11      16       9       1       3      17      13      10       4      18       5      12
   10100       2      19      16      20       7       6       8      13      11      15       9       1       3      17      14      10       4      18       5      12
   10200       3      18      17      20       7       6       8      12      10      14       9       1       2      16      15      11       4      19       5      13
   10300       4      18      17      20       8       6       7      11       9      14      10       1       2      16      15      12       3      19       5      13
   10400       4      19      16      20       9       6       7      10       8      15      11       1       2      17      14      13       3      18       5      12
   10500       4      20      16      19      10       6       8       9       7      15      12       1       2      17      14      13       3      18       5      11
   10600       5      20      17      19      11       6       9       8       7      14      13       1       2      16      15      12       3      18       4      10
   10700       5      19      18      20      12       6      10       7       8      13      14       1       2      15      16      11       3      17       4       9
   10800       4      19      18      20      13       7      10       6       9      12      15       1       2      14      16      11       3      17       5       8
   10900       4      20      18      19      13       8       9       6      10      12      16       1       2      14      15      11       3      17       5       7
   11000       5      20      19      18      12       8       9       7      11      13      16       1       3      15      14      10       2      17       4       6
   11100       5      20      19      17      12       7      10       8      11      14      16       1       3      15      13       9       2      18       4       6
   11200       4      20      18      17      13       6      11       9      10      14      16       1       2      15      12       8       3      19       5       7
   11300       3      19      17      18      13       5      12       9      10      14      16       1       2      15      11       7       4      20       6       8
   11400       3      18      16      19      12       5      13       8      10      15      17       1       2      14      11       7       4      20       6       9
   11500       3      17      16      20      11       5      14       8       9      15      18       1       2      13      12       7       4      19       6      10
   11600       2      17      16      20      10       4      15       9       8      14      19       1       3      12      13       7       5      18       6      11
   11700       2      18      15      19       9       4      16      10       7      13      20       1       3      12      14       8       6      17       5      11
   11800       2      18      15      19       8       5      17      11       6      12      20       1       3      13      14       9       7      16       4      10
   11900       2      17      16      19       8       5      18      12       6      11      20       1       3      14      13      10       7      15       4       9
   12000       2      17      16      19       9       5      18      13       7      10      20       1       3      15      12      11       6      14       4       8
   12100       2      18      16      20      10       5      17      14       8       9      19       1       3      15      12      11       6      13       4       7
   12200       2      18      16      20      11       5      17      14       9       8      19       1       3      15      12      10       7      13       4       6
   12300       2      17      15      19      11       5      18      13      10       7      20       1       3      16      12       9       8      14       4       6
   12400       2      17      15      18      11       5      19      13      10       7      20       1       3      16      12       9       8      14       4       6
   12500       2      18      15      17      12       5      19      14       9       7      20       1       4      16      11      10       8      13       3       6
   12600       3      19      14      16      13       5      18      15       8       7      20       1       4      17      11      10       9      12       2       6
   12700       3      20      13      15      14       5      18      16       7       8      19       1       4      17      11       9      10      12       2       6
   12800       3      20      12      14      15       4      18      17       6       9      19       1       5      16      11       8      10      13       2       7
   12900       4      19      11      13      16       3      17      18       6      10      20       1       5      15      12       7       9      14       2       8
   13000       5      19      10      12      16       2      17      18       7      11      20       1       4      15      13       6       9      14       3       8
   13100       5      20       9      11      15       2      18      17       7      12      19       1       3      16      14       6      10      13       4       8
   13200       4      20       9      10      14       3      19      16       6      13      18       1       2      17      15       7      11      12       5       8
   13300       3      19      10       9      13       4      20      16       6      14      18       1       2      17      15       8      12      11       5       7
   13400       3      18      11       9      12       5      20      16       7      14      19       1       2      17      15       8      13      10       4       6
   13500       4      18      12      10      11       6      19      15       8      13      20       1       2      17      16       7      14       9       3       5
   13600       5      18      12      11      10       7      19      14       9      13      20       1       2      17      16       6      15       8       3       4
   13700       5      18      11      12       9       7      20      13      10      14      19       1       2      17      15       6      16       8       3       4
   13800       4      19      11      13       8       6      20      12      10      15      18       1       2      16      14       7      17       9       3       5
   13900       4      19      12      13       7       6      20      11       9      15      17       1       2      16      14       8      18      10       3       5
   14000       5      18      12      13       6       7      20      10       8      14      17       1       3      16      15       9      19      11       2       4
   14100       6      17      11      14       5       8      19      10       7      13      18       1       3      15      16       9      20      12       2       4
   14200       7      17      10      14       5       8      18      11       6      12      19       1       3      15      16       9      20      13       2       4
   14300       8      18      10      13       5       7      17      11       6      12      19       1       3      16      15       9      20      14       2       4
   14400       8      19      11      12       4       6      17      10       7      13      18       1       2      16      14       9      20      15       3       5
   14500       8      19      11      12       4       5      17      10       7      13      18       1       2      16      14       9      20      15       3       6
   14600       9      18      10      13       5       4      17      11       6      12      19       1       3      16      14       8      20      15       2       7
   14700      10      17       9      14       6       4      18      12       5      11      19       1       3      15      13       8      20      16       2       7
   14800      10      16       8      15       7       4      19      13       5      11      18       1       3      14      12       9      20      17       2       6
   14900       9      15       7      16       8       4      19      14       6      12      17       1       3      13      11      10      20      18       2       5
   15000       9      15       7      17       8       5      19      14       6      12      16       1       2      13      10      11      20      18       3       4
   15100      10      16       8      18       7       6      19      13       5      11      15       1       2      14       9      12      20      17       3       4
   15200      11      17       9      18       7       6      19      13       4      10      15       1       2      14       8      12      20      16       3       5
   15300      12      18       9      17       8       5      19      14       3      10      16       1       2      13       7      11      20      15       4       6
   15400      12      19       9      16       8       5      18      15       3      11      17       1       2      13       6      10      20      14       4       7
   15500      11      19      10      15       7       6      18      16       4      12      17       1       2      14       5       9      20      13       3       8
   15600      10      18      11      14       7       6      19      17       5      13      16       1       3      15       4       8      20      12       2       9
   15700      10      18      12      13       7       5      19      17       6      14      15       1       3      16       4       8      20      11       2       9
   15800      11      18      12      13       7       4      19      16       6      15      14       1       2      17       5       8      20      10       3       9
   15900      11      17      12      14       7       4      19      15       5      16      13       1       2      18       6       8      20      10       3       9
   16000      11      17      13      15       6       5      19      14       4      16      12       1       2      18       7       9      20      10       3       8
   16100      12      18      14      15       5       6      19      13       4      16      11       1       2      17       8       9      20      10       3       7
   16200      13      18      15      14       5       6      19      12       4      17      11       1       2      16       9       8      20      10       3       7
   16300      14      17      16      13       6       5      19      11       4      18      12       1       2      15      10       7      20       9       3       8
   16400      15      17      16      12       6       4      18      11       5      19      13       1       2      14      10       7      20       8       3       9
   16500      16      17      15      11       5       4      18      12       6      19      13       1       2      14       9       8      20       7       3      10
   16600      17      16      14      11       5       4      19      13       6      18      12       1       2      15       8       9      20       7       3      10
   16700      18      15      14      12       5       4      19      13       6      17      11       1       2      16       7      10      20       8       3       9
   16800      19      14      15      12       5       4      18      13       7      16      10       1       2      17       6      11      20       9       3       8
   16900      19      14      16      11       5       3      17      13       8      15      10       1       2      18       6      12      20       9       4       7
   17000      19      15      17      11       5       2      16      12       9      14      10       1       3      18       7      13      20       8       4       6
   17100      19      16      18      11       5       2      15      12       9      13      10       1       4      17       7      14      20       8       3       6
   17200      19      17      18      10       5       3      14      13       8      12      11       1       4      16       6      15      20       9       2       7
   17300      19      18      17       9       5       4      13      14       8      12      11       1       3      15       6      16      20      10       2       7
   17400      19      18      16       8       5       4      12      15       9      13      11       1       2      14       6      17      20      10       3       7
   17500      19      18      15       7       6       4      11      16      10      13      12       1       2      14       5      17      20       9       3       8
   17600      19      18      14       6       7       4      11      16      10      13      12       1       2      15       5      17      20       9       3       8
   17700      19      18      14       5       8       3      12      15       9      13      11       1       2      16       6      17      20      10       4       7
   17800      19      18      15       5       8       3      13      14       9      12      10       1       2      17       7      16      20      11       4       6
   17900      19      18      16       6       7       3      13      14      10      11       9       1       2      17       8      15      20      12       4       5
   18000      19      18      17       6       7       3      12      15      10      11       8       1       2      16       9      14      20      13       5       4
   18100      19      17      18       6       7       3      12      16      10      11       8       1       2      15       9      13      20      14       5       4
   18200      19      17      18       7       6       3      13      16      11      10       9       1       2      14       8      12      20      15       5       4
   18300      19      18      17       8       6       3      14      15      12       9      10       1       2      13       7      11      20      16       5       4
   18400      19      18      16       8       6       3      15      14      12       9      11       1       2      13       7      10      20      17       4       5
   18500      19      17      16       7       5       3      15      13      11      10      12       1       2      14       8       9      20      18       4       6
   18600      19      16      17       7       5       3      15      12      10      11      13       1       2      14       8       9      20      18       4       6
   18700      19      15      18       7       5       3      16      11       9      12      13       1       2      14       8      10      20      17       4       6
   18800      19      14      18       7       4       3      17      10       8      13      12       1       2      15       9      11      20      16       5       6
   18900      19      14      17       8       4       3      18       9       7      13      11       1       2      15      10      12      20      16       6       5
   19000      18      15      16       9       5       3      19       8       6      12      10       1       2      14      11      13      20      17       7       4
   19100      18      16      15      10       6       3      19       8       5      11       9       1       2      14      12      13      20      17       7       4
   19200      19      16      14      10       6       3      18       9       5      11       8       1       2      15      12      13      20      17       7       4
   19300      19      15      13      10       5       4      17       9       6      12       8       1       2      16      11      14      20      18       7       3
   19400      19      14      13      10       4       5      16       8       7      12       9       1       2      17      11      15      20      18       6       3
   19500      19      13      14       9       3       6      16       7       8      11      10       1       2      18      12      15      20      17       5       4
   19600      18      12      15       8       3       6      17       7       9      10      11       1       2      19      13      14      20      16       5       4
   19700      17      11      15       7       4       5      18       8      10       9      12       1       2      19      14      13      20      16       6       3
   19800      17      11      14       6       5       4      18       8      10       9      13       1       2      19      15      12      20      16       7       3
   19900      18      12      13       6       5       4      17       7       9      10      14       1       2      19      15      11      20      16       8       3
   20000      19      13      12       6       5       4      16       7       9      11      15       1       2      18      14      10      20      17       8       3
   20100      19      14      11       6       5       4      16       8      10      12      15       1       2      17      13       9      20      18       7       3
   20200      19      14      11       7       4       5      17       9      10      13      15       1       2      16      12       8      20      18       6       3
   20300      19      13      11       7       4       6      18      10       9      14      15       1       2      16      12       8      20      17       5       3
   20400      19      12      10       6       5       7      18      11       9      15      14       1       2      17      13       8      20      16       4       3
   20500      19      11       9       6       5       8      17      12      10      16      14       1       2      18      13       7      20      15       4       3
   20600      19      10       9       7       5       8      16      13      11      17      15       1       2      18      12       6      20      14       4       3
   20700      19       9      10       8       5       7      16      14      12      17      15       2       1      18      11       6      20      13       3       4
   20800      19       8      11       9       5       6      17      14      12      16      15       2       1      18      10       7      20      13       3       4
   20900      19       8      12      10       6       5      17      13      11      15      16       2       1      18       9       7      20      14       4       3
   21000      19       8      13      11       6       5      16      12      10      14      17       2       1      18       9       7      20      15       4       3
   21100      19       8      13      11       6       5      15      12       9      14      17       2       1      18      10       7      20      16       3       4
   21200      19       9      13      10       6       5      14      12       8      15      17       2       1      18      11       7      20      16       3       4
   21300      19      10      13       9       5       6      14      12       8      15      17       2       1      18      11       7      20      16       3       4
   21400      19      11      12       8       5       6      15      13       9      14      16       2       1      18      10       7      20      17       3       4
   21500      19      12      11       8       6       5      16      14      10      13      15       2       1      18       9       7      20      17       4       3
   21600      19      13      10       9       7       4      17      14      11      12      15       2       1      18       8       6      20      16       5       3
   21700      19      14       9      10       7       4      18      13      12      11      16       2       1      17       8       6      20      15       5       3
   21800      19      15       8      11       6       5      18      13      12      10      16       2       1      17       9       7      20      14       4       3
   21900      19      16       8      12       5       6      18      13      11       9      15       2       1      17      10       7      20      14       4       3
   22000      19      16       9      13       4       6      18      12      10       8      14       2       1      17      11       7      20      15       5       3
   22100      20      16      10      13       4       6      17      11       9       8      14       2       1      18      12       7      19      15       5       3
   22200      20      16      10      12       5       7      17      11       8       9      15       2       1      18      13       6      19      14       4       3
   22300      19      15      10      11       5       7      18      12       8       9      16       2       1      17      14       6      20      13       3       4
   22400      19      14      11      10       4       6      18      12       8       9      17       2       1      16      15       7      20      13       3       5
   22500      20      13      12       9       4       6      18      11       8      10      17       2       1      16      15       7      19      14       3       5
   22600      20      12      13       9       4       6      18      10       8      11      16       2       1      17      14       7      19      15       3       5
   22700      19      12      14      10       3       6      18       9       8      11      16       2       1      17      13       7      20      15       4       5
   22800      19      13      14      11       3       7      18       9       8      10      16       2       1      17      12       6      20      15       5       4
   22900      20      14      13      11       4       7      18      10       8       9      15       2       1      17      12       6      19      16       5       3
   23000      20      14      13      10       4       6      19      11       9       8      15       2       1      17      12       7      18      16       5       3
   23100      20      13      14      10       4       5      19      12       9       7      16       2       1      17      11       8      18      15       6       3
   23200      20      12      14      11       5       4      18      13       9       7      16       2       1      17      10       8      19      15       6       3
   23300      19      12      13      11       6       4      17      14      10       8      16       2       1      18       9       7      20      15       5       3
   23400      19      13      12      11       6       4      17      14      10       9      16       3       1      18       8       7      20      15       5       2
   23500      19      14      12      11       5       4      17      13       9      10      15       3       1      18       7       8      20      16       6       2
   23600      19      14      13      10       4       5      17      12       8      11      15       2       1      18       7       9      20      16       6       3
   23700      19      13      14      10       4       6      17      12       7      11      16       2       1      18       8       9      20      15       5       3
   23800      19      12      15      10       5       7      16      13       6      11      17       2       1      18       9       8      20      14       4       3
   23900      19      12      15       9       5       7      16      13       6      11      17       2       1      18      10       8      20      14       4       3
   24000      18      13      14       9       5       6      17      12       7      10      16       2       1      19      11       8      20      15       4       3
   24100      18      14      13      10       5       6      17      12       8       9      16       2       1      19      11       7      20      15       4       3
   24200      19      15      13      11       5       7      16      12       8       9      17       2       1      18      10       6      20      14       4       3
   24300      20      15      14      12       5       7      16      11       8      10      17       2       1      18       9       6      19      13       3       4
   24400      20      14      15      13       5       6      17      10       9      11      16       2       1      18       8       7      19      12       3       4
   24500      19      14      16      13       5       6      17       9      10      11      15       2       1      18       8       7      20      12       3       4
   24600      18      15      16      12       5       7      17       8      11      10      14       2       1      19       9       6      20      13       3       4
   24700      17      16      15      12       5       7      18       8      11       9      14       2       1      19      10       6      20      13       3       4
   24800      17      16      15      13       4       7      18       9      10       8      14       2       1      19      11       6      20      12       3       5
   24900      18      15      16      13       4       8      17      10       9       7      14       2       1      19      12       6      20      11       3       5
   25000      19      14      16      12       5       9      17      11       8       6      15       2       1      18      13       7      20      10       3       4
   25100      20      13      15      11       5       9      17      12       7       6      16       2       1      18      14       8      19      10       3       4
   25200      20      12      14      11       4       8      16      13       7       6      17       2       1      18      15       9      19      10       3       5
   25300      19      12      13      11       4       7      16      14       8       6      17       2       1      18      15       9      20      10       3       5
   25400      18      13      12      10       4       6      17      15       9       7      16       2       1      19      14       8      20      11       3       5
   25500      18      14      11       9       4       5      17      16      10       8      15       2       1      19      13       7      20      12       3       6
   25600      19      14      11       8       5       4      17      16      10       9      15       2       1      18      12       7      20      13       3       6
   25700      19      13      12       8       5       4      17      15       9      10      16       2       1      18      11       7      20      14       3       6
   25800      19      12      13       9       4       5      17      15       8      11      16       3       1      18      10       6      20      14       2       7
   25900      19      12      14       9       3       5      17      16       8      11      15       4       1      18      10       6      20      13       2       7
   26000      19      13      15       8       3       5      17      16       9      11      14       4       1      18      10       7      20      12       2       6
   26100      20      14      16       8       4       5      17      15       9      12      13       3       1      18      10       7      19      11       2       6
   26200      20      14      16       9       5       4      17      15       8      12      13       2       1      18      11       6      19      10       3       7
   26300      19      13      15      10       5       4      17      16       8      11      14       2       1      18      12       6      20       9       3       7
   26400      18      13      14      11       4       5      17      16       9      10      15       3       1      19      12       7      20       8       2       6
   26500      18      14      13      12       4       5      17      15      10       9      16       3       1      19      11       8      20       7       2       6
   26600      19      15      12      13       5       4      16      14      11       9      17       2       1      18      10       8      20       6       3       7
   26700      19      16      11      14       5       4      15      13      12       9      17       2       1      18      10       7      20       6       3       8
   26800      19      17      11      14       4       5      15      13      12       8      16       3       1      18      10       6      20       7       2       9
   26900      19      17      12      13       4       6      16      14      11       7      15       3       1      18       9       5      20       8       2      10
   27000      19      16      13      12       4       7      17      14      10       6      15       2       1      18       8       5      20       9       3      11
   27100      19      15      14      11       3       8      17      13       9       5      16       2       1      18       7       6      20      10       4      12
   27200      18      14      15      10       3       8      16      12       9       5      17       2       1      19       6       7      20      11       4      13
   27300      18      13      15      10       4       7      16      12       9       6      17       2       1      19       5       8      20      11       3      14
   27400      19      12      14      11       4       6      17      13       9       7      16       2       1      18       5       8      20      10       3      15
   27500      19      11      13      12       4       5      17      14       9       8      16       2       1      18       6       7      20      10       3      15
   27600      19      10      13      12       5       4      16      15       9       8      17       2       1      18       7       6      20      11       3      14
   27700      19      10      14      11       5       3      16      15       9       7      17       2       1      18       8       6      20      12       4      13
   27800      19      11      15      10       5       3      16      14       8       6      17       2       1      18       9       7      20      13       4      12
   27900      19      12      15      10       5       4      16      14       7       6      17       2       1      18       9       8      20      13       3      11
   28000      18      13      14      11       5       4      17      15       7       6      16       2       1      19       9       8      20      12       3      10
   28100      18      14      13      12       5       4      17      16       8       6      15       2       1      19       9       7      20      11       3      10
   28200      19      14      12      13       5       4      17      16       9       7      15       3       1      18       8       6      20      10       2      11
   28300      19      13      11      14       5       4      17      15      10       7      16       3       1      18       8       6      20       9       2      12
   28400      18      13      10      15       4       5      16      14      11       6      17       2       1      19       9       7      20       8       3      12
   28500      18      14       9      16       4       5      15      13      11       6      17       2       1      19      10       7      20       8       3      12
   28600      18      15       8      16       4       5      14      12      11       7      17       3       1      19      10       6      20       9       2      13
   28700      18      15       7      16       4       5      13      11      12       8      17       3       1      19       9       6      20      10       2      14
   28800      18      14       6      16       5       4      13      11      12       9      17       3       1      19       8       7      20      10       2      15
   28900      17      13       6      15       5       4      14      12      11       9      18       3       1      20       8       7      19      10       2      16
   29000      17      13       7      14       4       5      15      12      10       8      18       3       1      20       9       6      19      11       2      16
   29100      18      14       8      13       4       5      15      11       9       7      17       3       1      19      10       6      20      12       2      16
   29200      18      15       9      13       4       5      14      11       8       7      17       2       1      19      10       6      20      12       3      16
   29300      17      16       9      13       4       6      14      12       7       8      18       2       1      20      10       5      19      11       3      15
   29400      17      16       9      13       4       7      15      12       6       8      18       3       1      20      11       5      19      10       2      14
   29500      18      15      10      14       4       7      16      12       6       8      17       3       1      19      11       5      20       9       2      13
   29600      19      14      11      15       5       6      16      12       7       9      17       2       1      18      10       4      20       8       3      13
   29700      20      13      12      16       5       6      15      11       7       9      17       2       1      18      10       4      19       8       3      14
   29800      20      13      12      16       4       6      14      11       7       8      17       2       1      19      10       5      18       9       3      15
   29900      19      14      11      15       4       6      13      12       8       7      17       2       1      20       9       5      18      10       3      16
   30000      18      15      10      14       5       7      13      12       9       6      17       3       1      20       8       4      19      11       2      16
   30100      18      15      10      13       5       7      14      12       9       6      17       3       1      19       8       4      20      11       2      16
   30200      18      15      11      13       4       6      14      12       9       7      17       2       1      19       8       5      20      10       3      16
   30300      17      16      12      14       3       5      13      11      10       8      18       2       1      20       7       6      19       9       4      15
   30400      17      16      13      15       3       4      12      10      11       9      18       2       1      20       6       7      19       8       5      14
   30500      18      15      14      16       3       4      12       9      11      10      17       2       1      20       6       7      19       8       5      13
   30600      19      15      14      16       2       5      13       8      11      10      17       3       1      20       7       6      18       9       4      12
   30700      19      16      13      15       2       6      14       7      11       9      17       3       1      20       8       5      18      10       4      12
   30800      18      16      12      14       3       6      15       7      11       9      17       2       1      20       8       4      19      10       5      13
   30900      17      15      11      13       3       5      16       8      12      10      18       2       1      19       7       4      20       9       6      14
   31000      16      14      11      13       3       4      17       9      12      10      18       2       1      19       7       5      20       8       6      15
   31100      16      13      12      14       4       3      17      10      11       9      18       2       1      20       8       6      19       7       5      15
   31200      17      12      13      15       5       2      16      10      11       8      18       3       1      20       9       6      19       7       4      14
   31300      17      12      14      15       6       2      16       9      11       7      18       3       1      19      10       5      20       8       4      13
   31400      17      13      14      15       6       3      16       9      10       7      18       2       1      19      11       5      20       8       4      12
   31500      17      13      14      16       5       4      15       9      10       7      18       2       1      20      11       6      19       8       3      12
   31600      17      12      14      16       4       5      15       8      11       6      18       3       1      20      10       7      19       9       2      13
   31700      17      12      14      16       4       5      15       8      11       6      18       3       1      19       9       7      20      10       2      13
   31800      17      13      15      16       5       4      14       8      11       7      19       2       1      18       9       6      20      10       3      12
   31900      17      13      16      15       5       4      14       7      12       8      19       2       1      18      10       6      20       9       3      11
   32000      17      12      16      14       4       5      15       7      13       8      18       3       1      19      10       6      20       9       2      11
   32100      18      11      15      14       4       5      16       8      13       7      17       3       1      20       9       6      19      10       2      12
   32200      18      11      14      15       5       4      16       9      12       7      17       2       1      20       8       6      19      10       3      13
   32300      17      11      13      16       5       3      15      10      12       8      18       2       1      19       7       6      20       9       4      14
   32400      17      10      13      16       4       3      15      11      12       9      19       2       1      18       7       6      20       8       5      14
   32500      17      10      14      15       3       4      16      11      12       9      20       2       1      18       8       6      19       7       5      13
   32600      17      11      15      14       2       5      16      10      12       8      20       3       1      19       9       6      18       7       4      13
   32700      18      12      16      13       2       6      15      10      11       7      19       3       1      20       9       5      17       8       4      14
   32800      18      12      16      13       3       6      14      10      11       7      19       2       1      20       8       5      17       9       4      15
   32900      17      11      16      14       4       5      13       9      12       8      20       2       1      19       7       6      18      10       3      15
   33000      17      10      16      15       5       4      13       9      12       8      20       3       1      18       7       6      19      11       2      14
   33100      17      10      15      16       5       4      14       9      11       8      19       3       1      18       7       6      20      12       2      13
   33200      17      11      14      16       4       5      15       9      10       8      18       2       1      19       7       6      20      12       3      13
   33300      18      11      13      15       4       5      16       9      10       7      17       2       1      20       8       6      19      12       3      14
   33400      19      11      12      15       5       4      16       8      10       7      17       2       1      20       9       6      18      13       3      14
   33500      19      11      12      16       6       3      15       7       9       8      18       2       1      20      10       5      17      14       4      13
   33600      18      11      13      16       6       3      15       7       8       9      19       2       1      20      10       5      17      14       4      12
   33700      17      11      14      15       5       4      16       8       7      10      19       2       1      20       9       6      18      13       3      12
   33800      17      11      15      14       5       4      16       8       7      10      18       3       1      20       9       6      19      13       2      12
   33900      17      12      16      13       5       4      15       7       8       9      18       3       1      19      10       6      20      14       2      11
   34000      17      13      16      12       5       4      15       6       9       8      19       2       1      18      11       7      20      14       3      10
   34100      18      14      16      12       5       3      15       6      10       7      19       2       1      17      11       8      20      13       4       9
   34200      18      14      17      13       5       3      15       7      10       6      19       2       1      16      11       9      20      12       4       8
   34300      18      13      17      14       5       4      15       8       9       6      19       2       1      16      12      10      20      11       3       7
   34400      18      12      16      15       5       4      14       9       8       6      19       3       1      17      13      11      20      10       2       7
   34500      17      12      15      16       6       3      14       9       7       5      20       4       1      18      13      11      19      10       2       8
   34600      17      13      14      16       6       2      15       8       7       5      20       4       1      19      12      10      18      11       3       9
   34700      17      14      13      16       5       2      15       7       8       6      19       3       1      20      11       9      18      12       4      10
   34800      16      14      12      17       5       3      15       6       8       7      18       2       1      20      10       9      19      13       4      11
   34900      16      14      11      17       5       3      15       6       8       7      18       2       1      19      10       9      20      13       4      12
   35000      17      14      11      16       5       2      15       6       9       7      19       3       1      18      10       8      20      12       4      13
   35100      17      13      12      16       5       2      15       6      10       7      20       3       1      18       9       8      19      11       4      14
   35200      16      12      13      17       4       3      14       7      10       6      20       2       1      19       8       9      18      11       5      15
   35300      16      11      14      18       4       3      13       8       9       5      19       2       1      20       7      10      17      12       6      15
   35400      16      11      15      19       4       3      13       8       9       5      18       2       1      20       7      10      17      12       6      14
   35500      16      12      15      19       3       4      14       7       9       6      17       2       1      20       8      10      18      11       5      13
   35600      16      13      14      19       3       4      15       6       8       7      17       2       1      20       9      10      18      11       5      12
   35700      16      13      14      20       3       4      15       6       8       7      17       2       1      19      10       9      18      11       5      12
   35800      16      12      15      20       3       5      14       6       9       7      17       2       1      19      10       8      18      11       4      13
   35900      15      11      16      19       4       6      14       5       9       7      17       2       1      20      10       8      18      12       3      13
   36000      15      11      16      18       5       6      14       4       8       7      17       2       1      20      10       9      19      12       3      13
   36100      16      12      15      17       6       5      14       4       7       8      18       2       1      19       9      10      20      11       3      13
   36200      17      13      14      16       7       4      15       5       6       9      18       2       1      19       8      10      20      11       3      12
   36300      17      14      13      16       8       3      15       6       5       9      18       2       1      20       7      10      19      12       4      11
   36400      16      15      13      17       8       3      14       6       5       9      19       2       1      20       7      10      18      12       4      11
   36500      16      15      13      18       7       3      14       5       6       9      19       2       1      20       8      10      17      11       4      12
   36600      17      15      13      19       6       3      14       5       7       8      18       2       1      20       9      10      16      11       4      12
   36700      18      15      14      19       5       3      13       6       8       7      17       2       1      20      10       9      16      12       4      11
   36800      19      15      14      18       4       2      13       6       8       7      16       3       1      20      10       9      17      12       5      11
   36900      19      15      13      17       4       2      14       6       8       7      16       3       1      20       9      10      18      12       5      11
   37000      18      14      12      16       5       3      15       7       9       6      17       2       1      20       8      11      19      13       4      10
   37100      17      13      12      16       5       3      15       7      10       6      18       2       1      19       8      11      20      14       4       9
   37200      16      12      13      17       5       3      15       7      11       6      19       2       1      18       9      10      20      14       4       8
   37300      16      12      14      18       5       4      15       7      11       6      19       2       1      17      10       9      20      13       3       8
   37400      16      13      15      19       4       5      14       6      10       7      18       2       1      17      11       8      20      12       3       9
   37500      16      14      15      19       3       5      13       6       9       7      17       2       1      18      11       8      20      12       4      10
   37600      17      15      14      18       3       4      13       6       8       7      16       2       1      19      10       9      20      12       5      11
   37700      18      15      14      17       4       3      13       6       8       7      16       2       1      19       9      10      20      12       5      11
   37800      19      14      15      16       4       2      12       7       9       6      17       3       1      18       8      10      20      13       5      11
   37900      19      14      15      16       4       2      11       8       9       6      17       3       1      18       7      10      20      13       5      12
   38000      18      15      14      16       5       2      11       9       8       6      17       3       1      19       7      10      20      12       4      13
   38100      17      15      14      16       5       2      12      10       7       6      18       3       1      20       8       9      19      11       4      13
   38200      16      14      15      17       4       3      13      10       7       6      18       2       1      20       9       8      19      11       5      12
   38300      16      13      15      17       3       4      14       9       8       5      18       2       1      20      10       7      19      12       6      11
   38400      17      12      14      16       3       4      15       9       8       5      19       2       1      20      10       7      18      13       6      11
   38500      17      12      14      16       4       3      15      10       8       6      20       2       1      19       9       7      18      13       5      11
   38600      16      13      15      17       5       3      14      10       9       7      20       2       1      18       8       6      19      12       4      11
   38700      16      14      15      18       5       3      13       9      10       8      19       2       1      17       7       6      20      11       4      12
   38800      16      15      14      19       5       3      13       8      10       9      18       2       1      17       7       6      20      11       4      12
   38900      16      15      13      19       5       4      14       8       9      10      17       2       1      18       7       6      20      12       3      11
   39000      17      14      12      18       5       4      15       8       9      11      16       3       1      19       7       6      20      13       2      10
   39100      18      13      12      17       6       3      15       8       9      11      16       4       1      20       7       5      19      14       2      10
   39200      18      12      13      16       7       3      14       8       9      10      17       4       1      20       6       5      19      15       2      11
   39300      17      11      14      16       7       4      13       8       9      10      18       3       1      20       5       6      19      15       2      12
   39400      16      10      15      17       6       4      13       9       8      11      19       3       1      20       5       7      18      14       2      12
   39500      16       9      15      18       5       4      14      10       8      12      19       3       1      20       6       7      17      13       2      11
   39600      16       8      15      19       5       4      14      11       9      12      18       2       1      20       7       6      17      13       3      10
   39700      16       8      15      20       6       4      13      12      10      11      17       2       1      19       7       5      18      14       3       9
   39800      17       8      14      20       7       4      12      13      11      10      16       2       1      18       6       5      19      15       3       9
   39900      17       8      14      19       7       3      12      13      11       9      16       2       1      18       6       5      20      15       4      10
   40000      16       8      14      18       6       3      13      12      10       9      17       2       1      19       7       4      20      15       5      11
   40100      16       8      14      17       6       4      13      11       9      10      18       2       1      19       7       3      20      15       5      12
   40200      17       9      15      16       6       5      12      10       8      11      18       2       1      19       7       3      20      14       4      13
   40300      18      10      15      16       5       6      12       9       7      11      17       2       1      20       8       4      19      14       3      13
   40400      18      11      14      17       5       6      13       9       7      10      16       2       1      20       8       4      19      15       3      12
   40500      17      12      13      18       6       5      14       9       8      10      16       2       1      19       7       4      20      15       3      11
   40600      16      12      13      19       7       4      14       8       9      11      17       2       1      18       6       5      20      15       3      10
   40700      15      12      14      20       7       3      13       8       9      11      17       2       1      18       5       6      19      16       4      10
   40800      14      13      15      20       6       2      12       9       8      10      17       3       1      18       5       7      19      16       4      11
   40900      14      13      16      19       5       2      11      10       7       9      17       4       1      18       6       8      20      15       3      12
   41000      15      13      16      18       5       3      10      11       6       8      17       4       1      19       7       9      20      14       2      12
   41100      16      14      15      18       5       4      10      12       6       8      17       3       1      20       7       9      19      13       2      11
   41200      16      15      14      18       5       4      11      13       7       9      17       2       1      20       6       8      19      12       3      10
   41300      16      15      13      17       6       3      12      14       8      10      18       2       1      19       5       7      20      11       4       9
   41400      16      14      13      17       6       3      12      15       8      11      19       2       1      18       5       7      20      10       4       9
   41500      16      14      13      18       5       3      11      15       8      12      19       2       1      17       6       7      20       9       4      10
   41600      16      15      12      19       5       2      10      14       8      13      18       3       1      17       6       7      20       9       4      11
   41700      16      15      11      19       6       2       9      14       7      13      17       3       1      18       5       8      20      10       4      12
   41800      16      15      11      18       6       2       9      14       7      12      17       3       1      19       5       8      20      10       4      13
   41900      16      15      12      18       5       2      10      13       8      11      17       4       1      20       6       7      19       9       3      14
   42000      16      14      13      18       5       2      11      12       9      10      17       4       1      20       6       7      19       8       3      15
   42100      15      13      14      17       6       2      12      11      10       9      18       3       1      19       5       8      20       7       4      16
   42200      15      12      14      17       6       3      13      10      11       8      18       2       1      19       5       9      20       7       4      16
   42300      16      12      13      18       5       4      14      10      11       7      17       2       1      20       6       9      19       8       3      15
   42400      16      13      12      18       5       4      15      11      10       7      17       2       1      20       6       8      19       9       3      14
   42500      16      14      12      18       5       4      15      11      10       8      17       2       1      19       6       7      20       9       3      13
   42600      16      15      13      19       4       5      14      10      11       8      17       2       1      18       7       6      20       9       3      12
   42700      15      16      14      20       4       6      13       9      11       7      17       2       1      18       8       5      19      10       3      12
   42800      14      16      15      20       5       7      13       9      10       6      17       2       1      19       8       4      18      11       3      12
   42900      13      15      16      19       6       8      14      10       9       5      18       2       1      20       7       3      17      11       4      12
   43000      13      14      16      18       6       8      15      11       9       5      19       2       1      20       7       3      17      10       4      12
   43100      14      13      15      17       5       7      16      12       9       6      19       2       1      20       8       4      18      10       3      11
   43200      15      12      14      17       4       6      16      13       9       7      18       3       1      20       8       5      19      11       2      10
   43300      16      12      14      18       4       5      15      13       9       8      17       3       1      19       7       6      20      11       2      10
   43400      16      13      15      18       5       4      14      12       8       9      17       3       1      19       6       7      20      10       2      11
   43500      16      14      15      17       6       4      13      12       8      10      18       3       1      20       5       7      19       9       2      11
   43600      16      15      14      17       6       5      13      12       8      11      18       2       1      20       4       7      19       9       3      10
   43700      16      15      13      18       5       6      14      12       7      11      17       2       1      20       4       8      19       9       3      10
   43800      16      14      12      18       4       7      15      13       6      10      17       2       1      20       5       9      19       8       3      11
   43900      16      14      11      17       3       7      15      13       5       9      18       2       1      20       6      10      19       8       4      12
   44000      16      15      10      17       3       7      14      12       5       8      18       2       1      20       6      11      19       9       4      13
   44100      16      15       9      18       4       7      14      11       6       8      17       2       1      20       5      12      19      10       3      13
   44200      17      14       8      18       5       6      15      10       7       9      16       2       1      20       4      13      19      11       3      12
   44300      17      13       7      18       5       6      15      10       8       9      16       2       1      20       4      14      19      12       3      11
   44400      16      12       7      18       4       6      14      10       9       8      17       2       1      20       5      15      19      13       3      11
   44500      15      11       8      17       3       6      13       9      10       7      18       2       1      20       5      16      19      14       4      12
   44600      15      11       9      17       2       6      12       8      10       7      18       3       1      20       5      16      19      14       4      13
   44700      16      11      10      18       2       6      12       8       9       7      17       4       1      20       5      15      19      13       3      14
   44800      16      10      11      18       3       7      13       8       9       6      17       4       1      20       5      15      19      12       2      14
   44900      16       9      12      18       4       7      14       8      10       5      17       3       1      19       6      15      20      11       2      13
   45000      17       8      13      18       5       6      15       9      11       4      16       2       1      19       7      14      20      10       3      12
   45100      18       8      14      17       6       5      15       9      12       4      16       2       1      20       7      13      19      10       3      11
   45200      18       9      14      16       7       4      15       8      13       5      17       3       1      20       6      12      19      11       2      10
   45300      17      10      13      15       7       4      16       8      14       6      18       3       1      19       5      11      20      12       2       9
   45400      16      11      12      15       6       5      17       9      14       7      18       3       1      19       4      10      20      13       2       8
   45500      15      12      11      16       5       6      17      10      13       8      18       4       1      20       3       9      19      14       2       7
   45600      15      13      10      17       4       7      16      11      12       9      18       5       1      20       3       8      19      14       2       6
   45700      15      13      10      18       4       7      16      11      12       9      17       5       1      19       3       8      20      14       2       6
   45800      15      12      11      18       5       6      17      10      13       8      16       4       1      19       3       9      20      14       2       7
   45900      15      11      12      18       6       5      17       9      14       8      16       3       1      20       4      10      19      13       2       7
   46000      15      10      13      19       6       4      16       9      14       8      17       3       1      20       5      11      18      12       2       7
   46100      16       9      14      19       6       4      15      10      13       7      17       3       1      20       5      12      18      11       2       8
   46200      17       8      15      18       6       5      14      11      12       7      16       2       1      20       4      13      19      10       3       9
   46300      18       7      15      17       5       6      14      11      12       8      16       2       1      19       4      13      20       9       3      10
   46400      18       7      14      17       4       6      15      11      13       8      16       3       1      19       5      12      20       9       2      10
   46500      17       8      13      18       3       6      16      11      14       7      15       4       1      20       5      12      19      10       2       9
   46600      17       9      12      19       2       7      16      10      14       6      15       4       1      20       5      13      18      11       3       8
   46700      18       9      11      20       2       8      15      10      13       5      16       3       1      19       6      14      17      12       4       7
   46800      18       9      10      20       2       8      15      11      12       5      16       3       1      19       7      14      17      13       4       6
   46900      17       9      10      19       2       8      16      12      11       5      15       3       1      20       7      13      18      14       4       6
   47000      16       9      10      18       3       8      17      13      11       5      15       2       1      20       6      12      19      14       4       7
   47100      15      10       9      18       4       7      17      14      12       6      16       2       1      19       5      11      20      13       3       8
   47200      14      11       9      19       5       6      16      15      13       7      17       2       1      18       4      10      20      12       3       8
   47300      14      11      10      20       5       6      16      15      13       8      17       2       1      18       3       9      19      12       4       7
   47400      15      10      11      20       5       6      16      14      12       8      17       3       1      19       2       9      18      13       4       7
   47500      16       9      12      19       5       6      15      13      11       7      17       4       1      20       2      10      18      14       3       8
   47600      16       9      12      18       4       7      14      13      11       6      17       5       1      20       3      10      19      15       2       8
   47700      16      10      12      17       3       8      13      14      11       6      18       5       1      20       4       9      19      15       2       7
   47800      17      11      13      16       2       8      12      15      10       6      18       4       1      20       5       9      19      14       3       7
   47900      17      11      13      16       2       7      12      15       9       5      18       3       1      19       6      10      20      14       4       8
   48000      16      11      13      17       3       6      12      14       9       4      19       2       1      18       7      10      20      15       5       8
   48100      16      12      14      17       4       5      11      13      10       3      19       2       1      18       7       9      20      15       6       8
   48200      16      13      15      17       4       5      11      12      10       3      18       2       1      19       7       9      20      14       6       8
   48300      15      13      16      18       4       6      11      12       9       3      17       2       1      20       7      10      19      14       5       8
   48400      14      12      16      18       5       7      10      13       8       3      17       2       1      20       6      11      19      15       4       9
   48500      14      11      15      17       6       7       9      13       8       4      18       2       1      19       5      12      20      16       3      10
   48600      15      10      14      17       6       7       8      12       9       4      18       2       1      19       5      13      20      16       3      11
   48700      16       9      14      18       5       7       8      12      10       3      17       2       1      20       6      13      19      15       4      11
   48800      16       8      14      18       5       6       9      13      11       2      17       3       1      20       7      12      19      15       4      10
   48900      15       8      13      18       6       5      10      14      12       2      17       4       1      19       7      11      20      16       3       9
   49000      15       9      12      18       7       4      11      14      13       3      17       5       1      19       6      10      20      16       2       8
   49100      16      10      11      17       7       3      12      13      14       4      18       5       1      20       6       9      19      15       2       8
   49200      16      10      11      17       6       2      12      13      14       4      18       5       1      20       7       9      19      15       3       8
   49300      16       9      12      17       6       2      11      14      13       3      18       5       1      20       8      10      19      15       4       7
   49400      16       9      13      17       6       3      10      15      12       2      19       4       1      20       8      11      18      14       5       7
   49500      15      10      14      18       6       4       9      16      11       2      19       3       1      20       7      12      17      13       5       8
   49600      15      11      14      18       6       5       9      16      10       3      19       2       1      20       7      13      17      12       4       8
   49700      16      12      14      17       6       5       9      15      10       4      19       2       1      20       8      13      18      11       3       7
   49800      16      13      15      17       7       4       8      14      11       5      18       2       1      20       9      12      19      10       3       6
   49900      16      13      15      18       7       4       8      14      12       5      17       2       1      20       9      11      19      10       3       6
   50000      16      12      14      19       6       4       9      15      13       5      17       2       1      20       8      10      18      11       3       7
   50100      15      12      13      19       6       4      10      16      14       5      18       2       1      20       7       9      17      11       3       8
   50200      15      12      13      19       6       5      10      16      14       4      18       3       1      20       7       8      17      11       2       9
   50300      16      11      14      19       5       6      10      15      13       4      17       3       1      20       7       8      18      12       2       9
   50400      16      10      15      18       5       7      11      14      12       4      17       3       1      20       6       9      19      13       2       8
   50500      16       9      15      17       5       7      12      13      11       4      18       3       1      20       6      10      19      14       2       8
   50600      16       9      14      17       4       7      13      12      10       5      18       3       1      20       6      11      19      15       2       8
   50700      15      10      14      18       4       7      13      11       9       5      17       3       1      20       6      12      19      16       2       8
   50800      15      11      14      18       5       6      12      10       8       4      17       3       1      20       7      13      19      16       2       9
   50900      16      11      14      17       5       6      12       9       7       4      18       3       1      20       8      13      19      15       2      10
   51000      16      10      15      17       4       7      13       9       6       5      18       3       1      20       8      12      19      14       2      11
   51100      16       9      15      18       4       7      14      10       6       5      17       3       1      20       8      11      19      13       2      12
   51200      17       9      14      19       4       6      15      11       7       5      16       3       1      20       8      10      18      13       2      12
   51300      17      10      13      20       4       5      15      12       7       6      16       3       1      19       8       9      18      14       2      11
   51400      16      11      12      20       5       4      14      13       7       6      17       2       1      18       8       9      19      15       3      10
   51500      15      12      11      19       6       4      13      14       8       5      17       2       1      18       7       9      20      16       3      10
   51600      15      12      10      18       7       5      13      14       8       4      17       3       1      19       6       9      20      16       2      11
   51700      16      12       9      17       7       5      13      14       8       4      18       3       1      20       6      10      19      15       2      11
   51800      16      13       8      17       6       5      12      14       9       4      18       2       1      20       7      11      19      15       3      10
   51900      15      14       8      18       5       6      11      13      10       4      17       2       1      19       7      12      20      16       3       9
   52000      15      14       9      18       4       7      11      13      10       5      17       3       1      19       6      12      20      16       2       8
   52100      16      13      10      18       3       7      12      14       9       5      17       4       1      20       6      11      19      15       2       8
   52200      16      12      10      19       2       6      13      15       8       5      17       4       1      20       7      11      18      14       3       9
   52300      15      12       9      19       2       5      14      16       8       6      17       3       1      20       7      11      18      13       4      10
   52400      15      12       8      18       2       5      14      16       9       7      17       3       1      20       6      11      19      13       4      10
   52500      16      11       8      18       2       6      13      15      10       7      17       3       1      20       5      12      19      14       4       9
   52600      17      11       9      19       3       6      12      14      10       7      16       2       1      20       5      13      18      15       4       8
   52700      17      11      10      19       4       6      12      13       9       7      15       2       1      20       5      14      18      16       3       8
   52800      16      11      10      18       4       7      13      12       8       6      15       3       1      20       5      14      19      17       2       9
   52900      15      12       9      18       4       7      14      11       8       5      16       3       1      20       6      13      19      17       2      10
   53000      15      13       8      19       4       6      14      11       9       5      17       2       1      20       7      12      18      16       3      10
   53100      16      14       8      19       3       6      13      12       9       5      17       2       1      20       7      11      18      15       4      10
   53200      16      15       9      18       2       6      12      13       8       5      17       3       1      20       7      10      19      14       4      11
   53300      16      15      10      17       2       5      11      14       7       6      18       4       1      20       8       9      19      13       3      12
   53400      17      14      11      16       3       5      10      15       6       7      18       4       1      20       8       9      19      13       2      12
   53500      17      13      12      15       4       5       9      16       6       8      18       3       1      20       7      10      19      14       2      11
   53600      17      13      12      15       5       4       8      16       7       9      18       3       1      20       6      11      19      14       2      10
   53700      17      14      11      16       5       3       8      15       7       9      18       4       1      20       6      12      19      13       2      10
   53800      16      15      10      17       4       3       8      14       7       9      18       5       1      20       6      12      19      13       2      11
   53900      16      15      10      18       4       3       8      13       7       9      17       6       1      19       5      12      20      14       2      11
   54000      17      14      11      18       4       3       9      12       7       8      16       6       1      19       5      13      20      15       2      10
   54100      18      13      11      17       3       4      10      12       7       8      16       5       1      20       6      14      19      15       2       9
   54200      19      13      11      17       3       5      10      12       6       9      16       4       1      20       7      15      18      14       2       8
   54300      19      13      12      17       4       5      10      11       6       9      16       3       1      20       7      15      18      14       2       8
   54400      18      12      13      16       4       5      11      10       7       8      17       3       1      20       6      14      19      15       2       9
   54500      17      12      13      16       4       6      11       9       8       7      18       3       1      20       5      14      19      15       2      10
   54600      16      13      12      17       5       6      11       9       8       7      18       3       1      20       4      15      19      14       2      10
   54700      16      14      12      18       5       6      11      10       7       8      17       4       1      20       3      15      19      13       2       9
   54800      16      15      13      19       4       7      10      11       6       9      17       5       1      20       3      14      18      12       2       8
   54900      15      16      14      19       3       7      10      11       6       9      18       5       1      20       4      13      17      12       2       8
   55000      15      16      14      18       3       6      10      11       7       8      19       4       1      20       5      12      17      13       2       9
   55100      16      15      13      17       4       5       9      12       7       8      19       3       1      20       6      11      18      14       2      10
   55200      16      15      12      17       5       4       8      13       6       9      18       3       1      20       7      10      19      14       2      11
   55300      15      16      11      17       5       3       7      14       6       9      18       4       1      20       8      10      19      13       2      12
   55400      15      16      10      17       5       3       6      14       7       8      19       4       1      20       9      11      18      13       2      12
   55500      16      15      10      18       6       4       5      13       8       7      19       3       1      20       9      12      17      14       2      11
   55600      16      14      10      18       7       5       4      12       9       6      19       3       1      20       8      13      17      15       2      11
   55700      15      13      10      17       8       5       4      11       9       6      19       3       2      20       7      14      18      16       1      12
   55800      15      13      11      17       8       4       5      10       9       7      19       3       2      20       6      14      18      16       1      12
   55900      16      13      12      18       7       3       5      10       9       8      19       4       2      20       6      14      17      15       1      11
   56000      16      13      12      19       6       3       5      11       8       9      18       4       2      20       7      14      17      15       1      10
   56100      16      14      11      19       5       4       6      12       7       9      18       3       2      20       8      13      17      15       1      10
   56200      17      14      10      18       4       5       7      12       6       8      19       3       2      20       9      13      16      15       1      11
   56300      17      13      10      18       3       5       8      12       6       7      19       4       2      20       9      14      16      15       1      11
   56400      16      12      10      19       3       5       9      13       6       7      18       4       2      20       8      15      17      14       1      11
   56500      16      11       9      19       4       5      10      13       6       8      17       3       2      20       7      15      18      14       1      12
   56600      16      11       9      18       5       4      10      12       6       8      17       2       3      20       7      14      19      15       1      13
   56700      16      12       9      18       6       4      10      11       5       8      17       2       3      19       7      14      20      15       1      13
   56800      16      12       8      18       7       4      11      10       5       9      17       3       2      19       6      15      20      14       1      13
   56900      15      12       8      18       7       3      11       9       6      10      17       4       2      20       5      16      19      14       1      13
   57000      14      13       8      18       6       3      10       9       7      11      17       5       2      20       4      16      19      15       1      12
   57100      14      13       7      18       6       4       9      10       8      12      17       5       1      19       3      15      20      16       2      11
   57200      15      13       6      18       7       4       9      11       8      12      17       5       1      19       3      14      20      16       2      10
   57300      16      13       6      18       8       3      10      12       7      11      17       5       2      20       4      14      19      15       1       9
   57400      17      12       7      18       8       3      11      13       6      10      16       4       2      20       5      14      19      15       1       9
   57500      17      11       7      18       8       3      12      14       5       9      15       4       2      19       6      13      20      16       1      10
   57600      17      10       6      18       9       3      13      14       5       8      15       4       2      19       7      12      20      16       1      11
   57700      17       9       6      18      10       3      13      14       5       8      16       4       1      19       7      12      20      15       2      11
   57800      16       8       7      18      11       3      12      15       5       9      17       4       1      19       6      13      20      14       2      10
   57900      15       7       8      17      12       4      11      16       6      10      18       3       1      19       5      14      20      13       2       9
   58000      14       7       9      17      12       4      11      16       6      10      18       3       1      19       5      15      20      13       2       8
   58100      13       8       9      18      11       3      12      16       6      10      17       4       1      19       5      15      20      14       2       7
   58200      13       9       8      18      10       3      12      16       6      11      17       4       1      19       5      15      20      14       2       7
   58300      14      10       7      17       9       4      11      15       5      12      18       3       1      20       6      16      19      13       2       8
   58400      15      11       6      17       8       5      10      14       4      12      18       3       1      20       7      16      19      13       2       9
   58500      16      12       6      18       8       5       9      13       4      11      17       3       2      19       7      15      20      14       1      10
   58600      17      13       7      19       9       4       8      12       5      10      16       2       3      18       6      14      20      15       1      11
   58700      17      13       8      19      10       4       7      12       5       9      16       2       3      18       6      14      20      15       1      11
   58800      16      12       9      18      11       4       7      13       5       8      17       3       2      19       6      15      20      14       1      10
   58900      15      12      10      18      11       3       8      14       6       7      17       4       2      20       5      16      19      13       1       9
   59000      15      13      11      18      10       3       9      14       6       7      17       4       2      20       5      16      19      12       1       8
   59100      16      13      11      17       9       3      10      14       5       8      18       4       2      19       6      15      20      12       1       7
   59200      17      12      11      16       8       3      10      15       5       9      18       4       2      19       7      14      20      13       1       6
   59300      17      12      11      16       8       3       9      15       6      10      18       4       2      20       7      13      19      14       1       5
   59400      16      12      11      17       9       2       8      15       7      10      19       4       3      20       6      13      18      14       1       5
   59500      15      11      12      18      10       2       7      16       8       9      19       3       4      20       5      14      17      13       1       6
   59600      15      11      12      19      10       3       6      16       9       8      18       2       4      20       5      14      17      13       1       7
   59700      16      12      11      19       9       4       6      15      10       7      17       2       3      20       5      14      18      13       1       8
   59800      16      13      10      18       8       4       7      14      11       6      17       3       2      20       5      15      19      12       1       9
   59900      16      14      10      18       7       3       8      13      11       6      17       4       1      19       5      15      20      12       2       9
   60000      16      15      11      18       6       3       9      12      10       7      17       5       1      19       4      14      20      13       2       8
   60100      16      15      11      17       6       4      10      12       9       8      18       5       2      20       3      13      19      14       1       7
   60200      16      15      10      17       6       5      11      12       8       9      18       4       2      20       3      13      19      14       1       7
   60300      15      16       9      18       6       5      12      11       7      10      17       3       2      19       4      13      20      14       1       8
   60400      15      17       8      18       7       4      13      11       6      10      16       3       2      19       5      12      20      14       1       9
   60500      15      17       8      18       7       3      13      12       5       9      16       4       2      20       6      11      19      14       1      10
   60600      15      16       9      18       7       3      12      13       5       8      17       4       2      20       6      10      19      14       1      11
   60700      16      15      10      17       8       4      11      14       6       7      18       3       2      20       5       9      19      13       1      12
   60800      17      14      11      16       9       4      10      15       7       6      18       3       2      20       5       8      19      13       1      12
   60900      18      14      12      15      10       3       9      16       8       6      17       4       2      19       5       7      20      13       1      11
   61000      18      15      12      14      11       3       8      16       9       7      17       4       2      19       5       6      20      13       1      10
   61100      17      16      11      14      12       4       7      15      10       8      18       3       2      20       5       6      19      13       1       9
   61200      17      16      10      15      12       4       7      14      11       8      18       3       2      20       5       6      19      13       1       9
   61300      18      15       9      16      12       4       8      14      11       7      17       3       2      19       5       6      20      13       1      10
   61400      18      15       9      17      13       4       8      14      11       6      16       2       3      19       5       7      20      12       1      10
   61500      18      15       9      17      13       4       7      14      12       5      16       2       3      20       6       8      19      11       1      10
   61600      18      14       9      17      13       4       6      15      12       5      16       2       3      20       7       8      19      11       1      10
   61700      17      14      10      18      13       4       6      15      11       5      16       2       3      20       7       8      19      12       1       9
   61800      16      15      10      18      12       4       7      14      11       5      17       3       2      20       6       9      19      13       1       8
   61900      15      16       9      18      12       3       7      14      11       6      17       4       1      20       5      10      19      13       2       8
   62000      15      16       9      19      12       3       6      14      10       7      17       4       1      20       5      11      18      13       2       8
   62100      16      15      10      19      11       4       5      13       9       7      17       3       1      20       6      12      18      14       2       8
   62200      17      14      11      18      10       5       4      12       8       6      16       2       1      20       7      13      19      15       3       9
   62300      17      13      12      18       9       5       4      11       7       6      16       1       2      20       8      14      19      15       3      10
   62400      16      13      12      19       9       4       5      10       6       7      17       1       3      20       8      15      18      14       2      11
   62500      16      13      11      19      10       3       5       9       6       8      17       1       4      20       7      15      18      14       2      12
   62600      17      12      10      18      11       2       5       9       7       8      16       1       4      20       6      14      19      15       3      13
   62700      17      12       9      18      11       1       6      10       8       7      15       2       3      19       5      13      20      16       4      14
   62800      17      13       9      18      11       1       6      10       8       7      15       2       3      19       5      12      20      16       4      14
   62900      18      14      10      17      12       1       6       9       7       8      16       2       3      20       5      11      19      15       4      13
   63000      19      15      11      17      12       1       7       8       6       9      16       2       3      20       5      10      18      14       4      13
   63100      19      16      12      18      11       1       7       8       6      10      15       2       3      20       5       9      17      13       4      14
   63200      18      16      12      19      11       1       6       9       7      10      15       3       2      20       5       8      17      13       4      14
   63300      17      15      11      20      12       1       5      10       7       9      16       4       2      19       6       8      18      14       3      13
   63400      17      14      10      20      12       1       4      11       7       9      16       5       3      18       6       8      19      15       2      13
   63500      17      14       9      19      11       1       4      12       7      10      16       5       3      18       6       8      20      15       2      13
   63600      16      15       8      18      11       1       5      12       6      10      17       4       3      19       7       9      20      14       2      13
   63700      16      15       7      18      12       1       6      11       5      10      17       3       4      19       8       9      20      13       2      14
   63800      16      15       7      18      12       1       6      10       5      11      17       2       4      19       9       8      20      13       3      14
   63900      16      15       8      17      11       1       5      10       6      12      18       2       3      20       9       7      19      14       4      13
   64000      16      14       9      17      11       1       4      10       6      12      19       3       2      20       8       7      18      15       5      13
   64100      16      13       9      17      11       2       3      10       6      12      19       4       1      20       7       8      18      15       5      14
   64200      17      13       9      16      10       3       2      11       7      12      18       4       1      20       6       8      19      15       5      14
   64300      17      14       9      15      10       4       2      12       7      11      18       3       1      20       6       8      19      16       5      13
   64400      17      14       8      15      10       5       3      12       6      11      18       2       1      20       7       9      19      16       4      13
   64500      18      13       7      16       9       5       4      11       6      12      17       2       1      19       8      10      20      15       3      14
   64600      18      12       6      17       9       4       5      10       7      13      16       2       1      19       8      11      20      15       3      14
   64700      18      12       6      17      10       3       5       9       8      13      16       1       2      20       7      11      19      15       4      14
   64800      18      12       7      17      11       3       4       9       8      13      16       1       2      20       6      10      19      14       5      15
   64900      17      12       8      18      11       3       4      10       7      13      16       1       2      19       6       9      20      14       5      15
   65000      16      13       8      18      10       3       5      11       6      12      17       1       2      19       7       9      20      14       4      15
   65100      16      14       8      17      10       3       6      11       5      12      18       1       2      20       7       9      19      13       4      15
   65200      17      15       9      16      10       3       7      11       4      13      19       1       2      20       6       8      18      12       5      14
   65300      17      15      10      16       9       4       7      11       3      14      19       2       1      20       5       8      18      12       6      13
   65400      16      14      10      17       9       4       7      11       3      15      18       2       1      20       5       8      19      13       6      12
   65500      15      14       9      18      10       3       7      12       4      16      17       2       1      19       6       8      20      13       5      11
   65600      15      14       8      19      11       3       6      12       5      16      17       2       1      18       7       9      20      13       4      10
   65700      16      13       7      20      12       3       5      11       6      15      18       2       1      17       8      10      19      14       4       9
   65800      16      12       6      20      13       2       5      11       7      14      18       3       1      17       8      10      19      15       4       9
   65900      16      11       5      19      14       2       6      12       8      13      17       3       1      18       7       9      20      15       4      10
   66000      17      11       5      18      14       2       7      13       8      12      16       3       1      19       6       9      20      15       4      10
   66100      18      11       6      17      13       2       7      14       8      12      16       4       1      20       5       9      19      15       3      10
   66200      19      11       7      17      12       3       6      15       8      13      16       4       1      20       5       9      18      14       2      10
   66300      20      12       8      17      11       4       5      15       7      13      16       3       1      19       6       9      18      14       2      10
   66400      20      12       9      16      10       5       4      14       6      13      17       3       1      18       7       8      19      15       2      11
   66500      19      11      10      16       9       5       4      13       6      14      18       3       1      17       7       8      20      15       2      12
   66600      18      11      10      17       8       4       5      12       7      15      19       2       1      16       6       9      20      14       3      13
   66700      17      12       9      18       7       3       6      11       8      15      20       2       1      16       5      10      19      13       4      14
   66800      17      12       8      18       6       3       7      10       9      14      20       2       1      16       5      11      19      13       4      15
   66900      18      11       7      17       5       4       8      10       9      13      19       2       1      16       6      12      20      14       3      15
   67000      18      10       6      16       5       4       9      11       8      13      19       2       1      17       7      12      20      15       3      14
   67100      17       9       6      16       5       3      10      12       7      14      20       2       1      18       8      11      19      15       4      13
   67200      17       8       7      16       4       3      10      13       6      15      20       2       1      19       9      11      18      14       5      12
   67300      17       8       7      16       3       4      10      13       6      15      19       2       1      20       9      12      18      14       5      11
   67400      16       9       6      17       3       4      10      13       7      14      18       2       1      20       8      12      19      15       5      11
   67500      15      10       6      18       4       3       9      14       7      13      17       2       1      20       8      11      19      16       5      12
   67600      15      11       6      19       4       3       9      14       7      12      17       2       1      20       8      10      18      16       5      13
   67700      16      12       6      19       4       3      10      13       8      11      18       2       1      20       7       9      17      15       5      14
   67800      16      13       7      18       5       3      10      12       8      11      19       2       1      20       6       9      17      15       4      14
   67900      16      13       8      17       6       3       9      11       7      12      19       2       1      20       5      10      18      15       4      14
   68000      16      13       9      17       7       2       8      11       6      12      18       3       1      20       4      10      19      14       5      15
   68100      16      14      10      17       8       2       7      12       5      11      18       4       1      20       3       9      19      13       6      15
   68200      17      14      10      16       9       2       6      12       5      11      18       4       1      20       3       8      19      13       7      15
   68300      17      13       9      16      10       2       6      11       5      12      18       3       1      20       4       8      19      14       7      15
   68400      16      12       8      17      10       2       7      11       5      13      19       3       1      20       4       9      18      14       6      15
   68500      16      11       7      17       9       2       8      12       6      14      20       4       1      19       3      10      18      13       5      15
   68600      17      10       6      16       9       2       8      12       7      14      20       5       1      19       3      11      18      13       4      15
   68700      17       9       5      15      10       2       7      11       8      13      19       6       1      20       4      12      18      14       3      16
   68800      17       8       4      15      10       3       7      11       9      13      18       6       1      20       5      12      19      14       2      16
   68900      17       8       3      16      10       4       7      12       9      14      18       5       1      19       6      11      20      13       2      15
   69000      16       8       3      17      10       5       6      12       9      15      18       4       1      19       7      11      20      13       2      14
   69100      16       8       4      18       9       5       6      11      10      15      17       3       1      20       7      12      19      13       2      14
   69200      17       9       5      18       8       4       7      11      10      14      16       2       1      20       6      12      19      13       3      15
   69300      17      10       6      18       7       3       8      12       9      13      16       2       1      19       5      11      20      14       4      15
   69400      17      11       7      18       6       3       8      13       9      12      16       2       1      19       5      10      20      15       4      14
   69500      18      11       7      17       6       3       8      14       9      12      16       2       1      19       5      10      20      15       4      13
   69600      18      10       6      16       7       3       9      14       8      13      17       2       1      19       5      11      20      15       4      12
   69700      17      10       6      16       8       4       9      14       7      13      18       2       1      20       5      12      19      15       3      11
   69800      16      11       7      17       9       4       8      15       6      12      19       2       1      20       5      13      18      14       3      10
   69900      16      11       7      18       9       3       8      15       5      12      19       2       1      20       6      14      17      13       4      10
   70000      17      10       6      18       8       2       9      14       4      12      19       3       1      20       7      15      16      13       5      11
   70100      18       9       6      17       8       2      10      13       3      11      19       4       1      20       7      15      16      14       5      12
   70200      19       8       7      16       9       2      11      12       3      10      18       4       1      20       6      15      17      14       5      13
   70300      19       8       7      16      10       2      11      12       4       9      17       3       1      20       5      15      18      13       6      14
   70400      18       9       7      16      11       3      10      12       5       8      17       2       1      20       4      15      19      13       6      14
   70500      18      10       7      15      12       3       9      11       6       8      17       2       1      19       4      16      20      14       5      13
   70600      18      11       6      15      13       3       8      10       7       9      17       2       1      19       5      16      20      14       4      12
   70700      18      12       6      16      13       4       8       9       7      10      17       2       1      20       5      15      19      14       3      11
   70800      19      13       7      16      12       4       9       8       6      10      17       3       1      20       5      14      18      15       2      11
   70900      20      13       7      16      11       3      10       8       5       9      18       4       1      19       6      14      17      15       2      12
   71000      20      12       6      16      11       2      10       9       5       8      19       4       1      18       7      15      17      14       3      13
   71100      19      11       5      16      12       1       9      10       6       8      20       3       2      17       7      15      18      13       4      14
   71200      18      11       5      16      13       1       8      10       7       9      20       3       2      17       6      15      19      12       4      14
   71300      17      12       5      16      14       1       8      10       7       9      19       3       2      18       6      15      20      11       4      13
   71400      17      13       4      16      15       1       8      10       6       9      18       3       2      19       7      14      20      11       5      12
   71500      18      13       4      15      16       2       8       9       6      10      17       3       1      20       7      14      19      12       5      11
   71600      18      12       5      14      16       3       8       9       7      11      17       2       1      20       6      15      19      13       4      10
   71700      17      11       5      14      15       3       7      10       8      12      18       1       2      19       6      16      20      13       4       9
   71800      17      10       4      15      14       3       6      11       9      13      19       1       2      18       7      16      20      12       5       8
   71900      17      10       4      16      13       3       5      11       9      14      19       2       1      18       7      15      20      12       6       8
   72000      16      11       5      17      12       3       4      10       8      14      18       2       1      19       6      15      20      13       7       9
   72100      16      11       5      18      12       3       4      10       7      13      17       2       1      20       6      15      19      14       8       9
   72200      16      11       4      18      13       2       5      10       6      12      17       3       1      20       7      14      19      15       8       9
   72300      16      12       4      17      14       2       5       9       6      11      18       3       1      19       8      13      20      15       7      10
   72400      17      12       4      16      15       3       5       8       7      10      19       2       1      18       9      13      20      14       6      11
   72500      17      11       4      16      15       3       6       7       8      10      20       2       1      18       9      14      19      13       5      12
   72600      16      10       5      17      14       3       7       6       9      11      20       2       1      19       8      15      18      13       4      12
   72700      15      10       5      17      13       3       8       6       9      11      19       2       1      20       7      16      18      14       4      12
   72800      15      10       4      17      13       2       9       7       8      11      18       3       1      20       6      16      19      14       5      12
   72900      16       9       4      17      14       2      10       8       7      11      18       3       1      19       5      15      20      13       6      12
   73000      17       9       4      16      15       3      10       8       7      11      19       2       1      18       5      14      20      13       6      12
   73100      17      10       3      16      15       4       9       7       8      12      20       2       1      18       6      14      19      13       5      11
   73200      16      11       3      17      14       4       8       7       9      13      20       2       1      19       6      15      18      12       5      10
   73300      16      12       4      17      14       3       7       8       9      13      19       1       2      20       6      15      18      11       5      10
   73400      17      12       5      16      15       2       6       9       8      13      18       1       3      20       7      14      19      10       4      11
   73500      17      11       6      16      15       2       5       9       7      13      18       1       3      19       8      14      20      10       4      12
   73600      16      10       6      17      15       3       5       8       7      13      19       1       2      18       9      14      20      11       4      12
   73700      16      10       5      18      15       3       6       7       8      13      20       1       2      17       9      14      19      12       4      11
   73800      17      11       5      19      14       2       6       7       9      13      20       1       3      16       8      15      18      12       4      10
   73900      17      12       5      19      14       2       6       8      10      13      20       1       3      16       7      15      18      11       4       9
   74000      16      13       4      18      15       2       7       9      10      12      20       1       3      17       6      14      19      11       5       8
   74100      16      13       3      17      15       2       8       9      10      11      20       1       4      18       6      14      19      12       5       7
   74200      16      12       3      17      14       2       8       9      10      11      20       1       4      19       6      15      18      13       5       7
   74300      15      12       4      17      14       2       7      10       9      11      19       1       3      20       6      16      18      13       5       8
   74400      15      13       5      17      14       3       7      10       8      11      18       1       2      20       6      16      19      12       4       9
   74500      16      14       6      17      13       3       7       9       8      12      18       1       2      19       5      15      20      11       4      10
   74600      17      14       6      16      12       2       7       8       9      13      19       1       3      18       5      15      20      11       4      10
   74700      18      14       5      15      11       2       8       7      10      13      20       1       4      17       6      16      19      12       3       9
   74800      18      14       5      15      11       2       9       6      10      12      20       1       4      17       7      16      19      13       3       8
   74900      17      13       5      16      12       2      10       6       9      11      19       1       3      18       8      15      20      14       4       7
   75000      16      12       5      17      13       2      11       6       9      10      18       1       3      19       8      15      20      14       4       7
   75100      16      12       5      17      13       2      11       6       9      10      18       1       3      20       7      15      19      14       4       8
   75200      17      13       5      16      12       2      10       7       8      11      19       1       3      20       6      15      18      14       4       9
   75300      17      14       5      15      11       2      10       7       8      12      19       1       4      20       6      16      18      13       3       9
   75400      17      14       4      15      10       2      11       6       9      12      18       1       5      20       7      16      19      13       3       8
   75500      18      13       4      16      10       2      12       6       9      11      17       1       5      19       7      15      20      14       3       8
   75600      18      12       5      16      11       2      13       7       8      10      17       1       4      19       6      15      20      14       3       9
   75700      17      11       6      16      12       1      13       8       7       9      18       2       3      20       5      15      19      14       4      10
   75800      16      10       6      17      13       1      12       9       7       8      19       2       3      20       5      15      18      14       4      11
   75900      16       9       5      17      14       2      12      10       7       8      19       1       3      20       6      15      18      13       4      11
   76000      17       8       5      16      15       2      12      10       7       9      18       1       3      20       6      14      19      13       4      11
   76100      18       8       6      16      15       2      11       9       7      10      17       1       4      19       5      14      20      13       3      12
   76200      18       9       6      16      15       3      10       8       7      11      17       1       4      19       5      14      20      13       2      12
   76300      18       9       6      15      16       3      10       8       7      11      17       2       4      20       5      14      19      13       1      12
   76400      18       8       6      15      16       2      10       9       7      11      17       3       4      20       5      14      19      13       1      12
   76500      17       7       5      16      15       1       9      10       8      11      18       4       3      19       6      13      20      14       2      12
   76600      16       7       5      17      14       1       9      11       8      10      19       4       2      18       6      12      20      15       3      13
   76700      16       8       5      17      13       1       9      11       7      10      19       3       2      18       6      12      20      15       4      14
   76800      17       9       5      16      12       1       8      10       7      11      18       3       2      19       6      13      20      14       4      15
   76900      18      10       5      16      12       1       8       9       7      11      17       3       2      20       6      14      19      13       4      15
   77000      18      11       4      17      13       1       9       8       7      10      16       2       3      20       6      15      19      12       5      14
   77100      18      12       4      17      14       1      10       8       7       9      16       2       3      19       6      15      20      11       5      13
   77200      19      12       5      16      15       1      11       9       6       8      17       2       3      18       7      14      20      10       4      13
   77300      20      11       5      16      15       1      12      10       6       7      17       2       4      18       8      13      19       9       3      14
   77400      20      11       5      17      14       1      12      10       7       6      16       3       4      19       8      13      18       9       2      15
   77500      19      12       5      17      13       1      11       9       7       6      16       3       4      20       8      14      18      10       2      15
   77600      18      12       5      17      13       1      10       8       6       7      16       3       4      20       9      15      19      11       2      14
   77700      18      11       5      17      14       1      10       7       6       8      15       4       3      19       9      16      20      12       2      13
   77800      18      10       5      17      14       1      11       6       7       9      15       4       3      19       8      16      20      12       2      13
   77900      18       9       5      17      13       1      12       6       8      10      16       3       4      20       7      15      19      11       2      14
   78000      18       8       4      16      13       1      12       7       9      11      17       3       5      20       6      14      19      10       2      15
   78100      17       7       4      16      13       1      12       8      10      11      18       3       5      19       6      14      20       9       2      15
   78200      16       7       5      17      13       1      12       9      10      11      18       3       4      19       6      15      20       8       2      14
   78300      15       7       5      18      14       1      12      10       9      11      17       4       3      20       6      16      19       8       2      13
   78400      14       7       4      18      15       1      12      10       8      11      17       5       2      20       6      16      19       9       3      13
   78500      14       8       4      17      16       1      11      10       7      12      18       5       2      19       6      15      20       9       3      13
   78600      15       9       5      17      16       1      10      11       6      12      18       4       3      19       7      14      20       8       2      13
   78700      16      10       5      18      15       1       9      12       6      11      17       3       4      20       8      14      19       7       2      13
   78800      17      11       5      18      15       1       8      13       7      10      16       3       4      20       9      14      19       6       2      12
   78900      18      11       5      17      15       1       8      13       7      10      16       4       3      19       9      14      20       6       2      12
   79000      18      11       5      16      15       1       8      12       6      10      17       4       2      19       9      14      20       7       3      13
   79100      17      11       5      16      15       1       8      12       6      10      18       4       2      20       9      13      19       7       3      14
   79200      16      10       5      17      15       1       9      12       7      11      18       4       3      20       8      13      19       6       2      14
   79300      16       9       5      18      15       1      10      11       8      12      17       3       4      19       7      14      20       6       2      13
   79400      17       9       5      19      14       1      11      10       8      12      16       2       4      18       6      15      20       7       3      13
   79500      18       9       5      19      13       2      12      10       7      11      16       1       3      17       6      15      20       8       4      14
   79600      19       8       5      18      13       2      12      11       7      10      16       1       3      17       6      14      20       9       4      15
   79700      19       8       5      17      14       2      11      12       7       9      16       1       4      18       6      13      20      10       3      15
   79800      18       9       4      16      15       2      11      12       7       8      17       1       5      19       6      13      20      10       3      14
   79900      18      10       4      15      16       1      12      11       8       7      17       2       5      19       6      14      20       9       3      13
   80000      18      11       5      15      16       1      13      10       9       6      17       2       4      19       7      14      20       8       3      12
   80100      17      12       5      16      15       1      13       9      10       6      18       2       3      20       7      14      19       8       4      11
   80200      17      12       5      16      15       1      13       9      10       7      18       2       3      20       6      14      19       8       4      11
   80300      18      12       6      16      15       1      14      10       9       8      17       2       4      19       5      13      20       7       3      11
   80400      18      13       6      17      15       1      14      11       8       9      16       3       4      19       5      12      20       7       2      10
   80500      17      14       5      18      15       1      13      12       7      10      16       3       4      20       6      11      19       8       2       9
   80600      17      15       4      18      14       1      12      13       6      10      16       3       5      20       7      11      19       9       2       8
   80700      18      15       4      17      13       1      11      14       6       9      16       3       5      19       8      12      20      10       2       7
   80800      19      14       5      17      12       1      11      15       7       8      16       3       4      18       9      13      20      10       2       6
   80900      20      13       6      17      12       1      11      15       7       8      16       4       3      18      10      14      19       9       2       5
   81000      20      12       6      16      13       1      11      14       7       9      17       4       3      18      10      15      19       8       2       5
   81100      19      11       5      16      14       1      12      13       8      10      18       3       4      17       9      15      20       7       2       6
   81200      19      11       5      16      15       1      13      12       9      10      18       3       4      17       8      14      20       6       2       7
   81300      19      11       5      16      15       1      14      12      10       9      17       3       4      18       7      13      20       6       2       8
   81400      18      10       5      17      15       1      14      12      11       8      16       2       4      19       6      13      20       7       3       9
   81500      18       9       6      17      15       2      13      12      11       7      16       1       3      20       5      14      19       8       4      10
   81600      18       8       7      17      15       2      12      13      10       6      16       1       3      20       5      14      19       9       4      11
   81700      17       8       7      18      16       1      12      14       9       5      15       2       4      19       6      13      20      10       3      11
   81800      17       9       6      18      16       1      13      14       8       5      15       2       4      19       7      12      20      10       3      11
   81900      18       9       5      17      15       1      14      13       7       6      16       2       4      20       8      11      19      10       3      12
   82000      18       8       5      16      15       1      14      12       7       6      17       2       4      20       9      10      19      11       3      13
   82100      17       8       6      15      16       1      13      11       7       5      18       2       3      19       9      10      20      12       4      14
   82200      17       9       7      15      16       1      13      11       6       5      18       2       3      19       8      10      20      12       4      14
   82300      17      10       8      16      15       1      13      12       5       6      18       2       4      20       7       9      19      11       3      14
   82400      17      10       8      16      15       1      12      13       5       7      19       3       4      20       6       9      18      11       2      14
   82500      18       9       7      15      16       1      12      13       5       8      20       4       3      19       6      10      17      11       2      14
   82600      18       8       6      15      16       1      13      12       5       9      20       4       2      19       7      11      17      10       3      14
   82700      17       8       6      16      15       1      14      11       5       9      19       3       2      20       7      12      18      10       4      13
   82800      16       9       7      17      15       1      14      10       5       8      18       2       3      20       6      13      19      11       4      12
   82900      16       9       8      17      15       1      13      10       6       7      18       2       4      20       5      14      19      12       3      11
   83000      17       8       9      16      15       1      13      11       7       6      19       3       4      20       5      14      18      12       2      10
   83100      18       7      10      15      16       1      14      12       8       6      20       4       3      19       5      13      17      11       2       9
   83200      19       6      11      15      16       1      14      12       8       7      20       4       2      18       5      13      17      10       3       9
   83300      20       5      12      16      15       1      13      11       7       8      19       3       2      18       6      14      17       9       4      10
   83400      20       5      12      17      14       1      13      10       6       8      18       2       3      19       7      15      16       9       4      11
   83500      19       6      11      18      14       1      13       9       5       7      17       2       4      20       8      15      16      10       3      12
   83600      19       6      10      18      15       1      12       8       5       7      16       2       4      20       9      14      17      11       3      13
   83700      20       5       9      17      15       1      12       7       6       8      16       2       3      19      10      13      18      11       4      14
   83800      20       5       9      16      15       1      12       7       6       8      17       2       3      18      11      13      19      10       4      14
   83900      19       6      10      15      16       1      12       8       5       7      18       2       3      17      11      14      20       9       4      13
   84000      18       7      11      15      16       1      12       9       5       6      19       2       3      17      10      14      20       8       4      13
   84100      17       8      11      16      15       1      12      10       6       5      20       2       4      18       9      14      19       7       3      13
   84200      17       8      10      16      15       1      13      11       6       5      20       3       4      19       9      14      18       7       2      12
   84300      17       7      10      15      16       1      13      11       5       6      19       3       4      20       9      14      18       8       2      12
   84400      16       6      11      15      17       1      12      10       4       7      18       2       5      20       8      14      19       9       3      13
   84500      16       6      11      15      17       1      12       9       3       8      18       2       5      19       7      14      20      10       4      13
   84600      17       7      10      15      16       1      12       8       3       9      18       2       5      19       6      14      20      11       4      13
   84700      17       7       9      16      15       1      11       8       4      10      18       2       5      19       6      13      20      12       3      14
   84800      17       6       9      16      15       1      11       8       5      10      18       3       4      19       7      13      20      12       2      14
   84900      18       5      10      16      15       1      12       8       6       9      17       3       4      19       7      14      20      11       2      13
   85000      19       5      11      16      15       1      13       9       7       8      17       2       4      18       6      14      20      10       3      12
   85100      20       5      12      16      15       1      14      10       8       7      17       2       3      18       6      13      19       9       4      11
   85200      20       5      12      16      15       1      14      10       9       6      17       3       2      18       7      13      19       8       4      11
   85300      19       5      11      15      16       1      13       9      10       6      18       3       2      17       7      14      20       8       4      12
   85400      18       4      11      15      16       1      12       8      10       7      19       2       3      17       6      14      20       9       5      13
   85500      17       3      11      16      15       1      12       8       9       7      19       2       4      18       6      14      20      10       5      13
   85600      17       3      10      16      14       1      12       9       8       7      18       2       4      19       6      15      20      11       5      13
   85700      18       4       9      16      13       1      11      10       7       8      17       2       3      20       6      15      19      12       5      14
   85800      19       4       8      16      13       1      11      10       6       9      17       3       2      20       7      14      18      12       5      15
   85900      20       4       8      16      14       1      12       9       6      10      18       3       2      19       7      13      17      11       5      15
   86000      20       5       9      16      15       1      13       8       7      10      18       3       2      19       6      12      17      11       4      14
   86100      19       5      10      16      15       1      14       8       7       9      17       3       2      20       6      12      18      11       4      13
   86200      18       5      11      17      15       1      14       9       6       8      16       2       3      20       7      13      19      10       4      12
   86300      17       6      12      18      15       1      14      10       5       8      16       2       3      19       7      13      20       9       4      11
   86400      16       7      12      18      15       1      14      10       4       9      17       3       2      19       6      13      20       8       5      11
   86500      15       7      11      17      16       2      13      10       3       9      18       4       1      20       5      14      19       8       6      12
   86600      15       7      10      16      17       2      12      11       3       8      18       4       1      20       5      14      19       9       6      13
   86700      16       8      10      15      17       2      11      12       4       7      18       3       1      19       6      13      20       9       5      14
   86800      17       9      11      15      16       2      10      12       5       6      19       3       1      18       7      13      20       8       4      14
   86900      17       9      12      16      15       2      10      11       6       5      19       3       1      18       7      14      20       8       4      13
   87000      17       8      12      16      14       2      11      10       7       5      18       3       1      19       6      15      20       9       4      13
   87100      17       7      11      15      14       1      12       9       8       6      18       4       2      19       5      16      20      10       3      13
   87200      17       6      11      14      15       1      13       9       8       7      19       4       2      18       5      16      20      10       3      12
   87300      17       5      12      14      16       2      13      10       7       8      19       3       1      18       6      15      20       9       4      11
   87400      17       4      13      15      16       3      12      10       7       9      18       2       1      19       6      14      20       8       5      11
   87500      18       4      14      16      15       3      12       9       8      10      17       2       1      19       5      13      20       7       6      11
   87600      18       5      14      16      15       2      13       9       8      11      17       3       1      19       4      12      20       6       7      10
   87700      17       5      13      15      16       2      14       9       8      12      18       4       1      19       3      11      20       6       7      10
   87800      17       5      13      15      16       2      14       8       9      12      18       4       1      19       3      10      20       7       6      11
   87900      18       6      14      16      15       2      13       7       9      11      17       3       1      20       4      10      19       8       5      12
   88000      19       6      15      16      14       3      12       7       9      10      17       2       1      20       5      11      18       8       4      13
   88100      19       6      15      16      13       3      11       8      10       9      18       2       1      20       5      12      17       7       4      14
   88200      19       6      14      16      12       3      10       9      11       8      18       2       1      20       5      13      17       7       4      15
   88300      19       5      14      15      11       3      10       9      12       8      17       2       1      20       6      13      18       7       4      16
   88400      18       5      15      14      11       2      10       9      12       8      17       3       1      20       7      13      19       6       4      16
   88500      18       5      16      14      12       2       9      10      11       8      17       3       1      19       7      13      20       6       4      15
   88600      19       5      16      15      13       2       8      11      10       9      17       3       1      18       6      12      20       7       4      14
   88700      20       6      15      16      14       1       8      12      10       9      17       3       2      18       5      11      19       7       4      13
   88800      20       7      14      17      15       1       9      12      10       8      16       3       2      18       4      11      19       6       5      13
   88900      19       8      13      17      15       1      10      11       9       7      16       4       2      18       3      12      20       6       5      14
   89000      18       9      12      17      14       1      11      10       8       6      16       5       2      19       3      13      20       7       4      15
   89100      18      10      12      17      13       1      11       9       8       6      16       5       2      20       4      14      19       7       3      15
   89200      18      11      12      16      13       1      10       8       9       7      17       4       2      20       5      15      19       6       3      14
   89300      17      12      11      16      14       1       9       8      10       7      18       3       2      19       6      15      20       5       4      13
   89400      16      12      10      17      15       1       9       8      11       6      18       3       2      19       7      14      20       5       4      13
   89500      16      11       9      17      15       1      10       7      12       5      18       4       2      19       8      14      20       6       3      13
   89600      17      10       8      16      15       1      11       7      12       5      18       4       2      19       9      14      20       6       3      13
   89700      18       9       7      16      15       1      12       8      11       5      17       3       2      20      10      13      19       6       4      14
   89800      18       8       6      16      15       1      13       9      10       5      17       3       2      20      11      12      19       7       4      14
   89900      17       7       5      16      15       2      14       9      10       6      18       3       1      19      12      11      20       8       4      13
   90000      17       6       5      16      14       2      15       9      10       7      19       3       1      18      12      11      20       8       4      13
   90100      18       5       6      16      14       2      15      10       9       8      20       4       1      17      11      12      19       7       3      13
   90200      18       5       7      16      15       2      14      11       9       8      20       4       1      17      10      13      19       6       3      12
   90300      17       6       8      16      15       2      13      11      10       7      19       3       1      18       9      14      20       5       4      12
   90400      17       7       9      16      15       2      12      10      11       6      18       3       1      19       8      14      20       5       4      13
   90500      18       8      10      16      15       1      11       9      12       5      17       3       2      19       7      14      20       6       4      13
   90600      19       9      10      17      15       1      11       8      13       5      16       3       2      18       6      14      20       7       4      12
   90700      19      10       9      17      15       1      12       8      13       6      16       3       2      18       5      14      20       7       4      11
   90800      18      11       8      16      15       1      13       9      12       6      17       2       3      19       5      14      20       7       4      10
   90900      17      11       7      16      15       1      14      10      12       5      18       2       3      19       6      13      20       8       4       9
   91000      16      10       6      17      14       1      15      11      12       5      19       3       2      18       7      13      20       8       4       9
   91100      15       9       5      17      14       1      16      12      11       6      19       4       2      18       7      13      20       8       3      10
   91200      15       9       5      17      14       1      16      12      10       7      18       4       2      19       6      13      20       8       3      11
   91300      16       9       6      18      14       1      15      11      10       8      17       3       2      20       5      13      19       7       4      12
   91400      16       8       7      18      15       1      14      11      10       9      17       3       2      20       5      13      19       6       4      12
   91500      15       8       7      18      16       1      13      12       9      10      17       4       2      19       5      14      20       6       3      11
   91600      15       9       6      19      16       1      13      12       8      11      17       4       2      18       5      14      20       7       3      10
   91700      16      10       6      19      15       1      14      12       7      11      18       3       2      17       5      13      20       8       4       9
   91800      17      11       7      18      15       1      14      12       6      10      19       2       3      16       4      13      20       8       5       9
   91900      17      12       7      18      15       1      13      11       6       9      19       2       4      16       3      14      20       8       5      10
   92000      16      12       6      19      15       1      13      10       7       8      18       2       5      17       3      14      20       9       4      11
   92100      16      11       6      19      15       1      14       9       8       7      17       2       5      18       4      13      20      10       3      12
   92200      17      11       6      18      15       1      14       8       9       7      16       2       4      19       5      12      20      10       3      13
   92300      18      11       5      17      15       1      14       8      10       7      16       2       3      19       6      12      20       9       4      13
   92400      18      10       4      16      14       1      15       9      11       6      17       3       2      19       7      13      20       8       5      12
   92500      17       9       4      15      14       1      16      10      12       6      18       3       2      19       7      13      20       8       5      11
   92600      17       8       5      15      14       1      16      11      13       7      18       2       3      19       6      12      20       9       4      10
   92700      18       8       6      16      13       1      15      11      14       7      17       2       4      20       5      12      19      10       3       9
   92800      18       9       6      16      13       1      15      11      14       7      17       3       4      20       5      12      19      10       2       8
   92900      18      10       5      16      14       1      15      12      13       7      17       4       3      19       6      11      20       9       2       8
   93000      18      10       5      16      15       1      14      12      13       6      17       4       2      19       7      11      20       8       3       9
   93100      17       9       6      16      15       1      14      11      13       5      18       3       2      19       7      12      20       8       4      10
   93200      17       9       7      16      14       1      15      11      12       5      18       2       3      19       6      13      20       8       4      10
   93300      17      10       8      15      14       1      16      12      11       6      18       2       3      19       5      13      20       7       4       9
   93400      17      11       8      15      14       1      16      12      10       7      19       3       2      18       5      13      20       6       4       9
   93500      18      12       7      16      13       1      15      11       9       8      19       4       2      17       5      14      20       6       3      10
   93600      19      12       6      16      13       1      14      10       8       9      18       4       2      17       5      15      20       7       3      11
   93700      19      11       5      16      13       1      14      10       8       9      17       3       2      18       6      15      20       7       4      12
   93800      18      11       5      16      13       1      14      10       9       8      17       2       3      19       7      15      20       6       4      12
   93900      17      12       5      16      14       1      13       9      10       8      18       2       3      19       7      15      20       6       4      11
   94000      16      12       4      17      15       1      13       8      11       9      18       3       2      19       6      14      20       7       5      10
   94100      16      11       4      17      15       1      13       8      12      10      18       3       2      19       6      14      20       7       5       9
   94200      17      10       5      16      14       1      13       9      12      11      18       3       2      19       6      15      20       7       4       8
   94300      18       9       5      16      13       1      14      10      12      11      17       4       2      19       6      15      20       7       3       8
   94400      19       8       5      17      13       1      14      11      12      10      16       4       2      18       6      15      20       7       3       9
   94500      19       7       6      17      14       1      13      12      11       9      16       3       2      18       5      15      20       8       4      10
   94600      19       6       7      16      15       1      13      12      10       9      17       2       3      18       4      14      20       8       5      11
   94700      19       6       7      16      15       1      13      11       9      10      18       2       3      17       4      14      20       8       5      12
   94800      19       7       6      16      14       1      12      10       8      11      18       3       2      17       4      15      20       9       5      13
   94900      19       8       5      16      14       1      12       9       7      11      17       4       2      18       3      15      20      10       6      13
   95000      18       8       5      16      15       1      13       9       7      11      17       4       3      19       2      14      20      10       6      12
   95100      18       8       6      16      15       1      14      10       7      12      17       3       4      19       2      13      20       9       5      11
   95200      18       9       6      17      15       1      14      11       7      12      16       2       4      19       3      13      20       8       5      10
   95300      18      10       5      17      15       1      13      12       8      11      16       2       3      19       4      14      20       7       6       9
   95400      19      11       5      16      15       1      13      12       9      10      17       3       2      18       4      14      20       7       6       8
   95500      19      12       6      16      15       1      14      11      10       9      18       4       2      17       3      13      20       7       5       8
   95600      18      12       7      16      15       1      14      10      11       8      19       4       2      17       3      13      20       6       5       9
   95700      17      11       7      16      15       1      13       9      12       8      19       3       2      18       4      14      20       6       5      10
   95800      16      10       6      17      14       1      13       8      12       9      18       3       2      19       5      15      20       7       4      11
   95900      16       9       6      17      14       1      13       7      11      10      18       4       2      19       5      15      20       8       3      12
   96000      17       9       7      16      15       1      13       6      10      11      19       4       3      18       5      14      20       8       2      12
   96100      18       9       7      16      15       1      13       6      10      11      19       3       4      17       5      14      20       8       2      12
   96200      19       8       6      16      14       1      12       7      11      10      18       2       5      17       4      15      20       9       3      13
   96300      19       7       6      16      14       1      12       8      11       9      17       2       5      18       4      15      20      10       3      13
   96400      18       6       7      16      15       1      13       9      10       8      17       3       4      19       5      14      20      11       2      12
   96500      18       6       8      16      15       1      14      10       9       7      17       4       3      19       5      13      20      12       2      11
   96600      19       7       9      17      14       1      15      11       8       6      16       4       2      18       5      12      20      13       3      10
   96700      19       8      10      18      14       1      15      12       7       5      16       3       2      17       6      11      20      13       4       9
   96800      19       8      10      18      14       1      15      13       7       5      16       2       3      17       6      11      20      12       4       9
   96900      19       7       9      17      13       1      15      14       8       6      16       2       4      18       5      12      20      11       3      10
   97000      19       6       8      16      13       1      15      14       9       7      17       2       4      18       5      12      20      10       3      11
   97100      19       5       7      15      14       1      16      13      10       8      18       2       3      17       6      11      20       9       4      12
   97200      19       5       7      15      14       1      16      12      10       8      18       3       2      17       6      11      20       9       4      13
   97300      19       6       8      16      13       1      15      11       9       7      17       3       2      18       5      12      20      10       4      14
   97400      18       7       9      17      13       1      14      11       8       6      16       3       2      19       5      12      20      10       4      15
   97500      18       7      10      17      14       1      13      12       8       6      16       3       2      20       5      11      19       9       4      15
   97600      18       6      11      16      15       1      13      12       9       7      17       2       3      20       5      10      19       8       4      14
   97700      18       5      11      16      15       1      13      12       9       8      17       2       4      19       6      10      20       7       3      14
   97800      19       5      10      17      15       1      13      12       8       9      16       2       4      18       7      11      20       6       3      14
   97900      19       6       9      17      16       1      14      11       8      10      15       2       4      18       7      12      20       5       3      13
   98000      19       7       8      17      16       1      15      11       9      10      14       2       4      18       6      12      20       5       3      13
   98100      19       8       7      17      15       1      16      12      10       9      14       2       3      18       5      11      20       6       4      13
   98200      18       8       6      17      14       1      16      12      10       9      15       3       2      19       5      11      20       7       4      13
   98300      17       8       6      18      14       1      15      11      10       9      16       3       2      19       5      12      20       7       4      13
   98400      17       8       7      18      15       1      14      10      11       9      16       3       2      19       4      12      20       6       5      13
   98500      18       7       8      17      15       1      13       9      11      10      16       3       2      19       4      12      20       5       6      14
   98600      19       6       9      17      15       1      13       8      11      10      16       2       3      18       4      12      20       5       7      14
   98700      19       5       9      18      15       1      14       8      11      10      16       2       3      17       4      12      20       6       7      13
   98800      19       5       8      18      14       1      15       9      10      11      16       2       3      17       4      13      20       7       6      12
   98900      19       5       8      17      14       1      15       9      10      11      16       2       3      18       4      13      20       7       6      12
   99000      18       5       9      16      15       1      14       8      11      10      17       3       2      19       4      12      20       6       7      13
   99100      18       6      10      15      16       1      14       7      11       9      17       3       2      19       4      12      20       5       8      13
   99200      19       6      11      15      16       1      14       7      10       8      17       3       2      18       4      13      20       5       9      12
   99300      19       5      11      16      15       1      13       8      10       7      18       3       2      17       4      14      20       6       9      12
   99400      19       5      10      17      15       1      12       9      11       6      18       3       2      16       4      14      20       7       8      13
   99500      19       6       9      18      16       1      11      10      12       5      17       3       2      15       4      13      20       8       7      14
   99600      18       7       8      19      16       1      10      11      13       4      17       2       3      15       5      12      20       9       6      14
   99700      18       7       8      19      15       1       9      11      14       4      17       2       3      16       5      12      20      10       6      13
   99800      19       6       9      18      14       1       8      10      15       5      16       3       2      17       4      13      20      11       7      12
   99900      19       5      10      17      14       1       8       9      15       6      16       3       2      18       4      13      20      11       7      12
  100000      18       5      11      17      15       1       9       8      14       6      16       2       3      19       4      13      20      10       7      12
  100100      17       6      11      18      16       1       9       7      13       5      15       2       3      19       4      14      20      10       8      12
  100200      17       6      10      19      16       1       9       7      13       5      15       2       3      18       4      14      20      11       8      12
  100300      18       5       9      19      15       1      10       8      14       6      16       2       3      17       4      13      20      11       7      12
  100400      19       4       8      18      15       1      11       9      14       7      16       2       3      17       5      13      20      10       6      12
  100500      20       4       7      18      15       1      12      10      13       8      16       2       3      17       5      14      19       9       6      11
  100600      20       5       7      18      15       1      13      11      12       8      16       3       2      17       4      14      19       9       6      10
  100700      19       6       8      17      16       2      14      12      11       7      15       3       1      18       4      13      20       9       5      10
  100800      19       7       9      17      16       2      15      13      11       6      14       3       1      18       4      12      20       8       5      10
  100900      19       8      10      17      16       2      15      13      12       5      14       4       1      18       3      11      20       7       6       9
  101000      18       8      11      17      16       2      14      12      13       5      15       4       1      19       3      10      20       7       6       9
  101100      18       7      12      17      15       1      14      11      13       6      16       4       2      19       3       9      20       8       5      10
  101200      19       6      12      16      15       1      14      10      13       7      17       4       3      18       2       8      20       9       5      11
  101300      19       5      11      16      15       1      14      10      13       7      18       4       3      17       2       8      20       9       6      12
  101400      18       5      10      16      15       1      14      11      13       6      19       4       2      17       3       9      20       8       7      12
  101500      18       6       9      15      16       1      13      12      14       5      19       3       2      17       4      10      20       8       7      11
  101600      19       7       9      14      16       1      13      12      15       5      18       2       3      17       4      11      20       8       6      10
  101700      19       8      10      14      16       1      13      12      15       5      17       2       4      18       3      11      20       7       6       9
  101800      19       9      10      15      16       1      13      12      14       5      17       3       4      18       2      11      20       6       7       8
  101900      19      10       9      16      15       1      14      11      13       5      17       4       3      18       2      12      20       6       8       7
  102000      19      11       8      17      15       1      14      10      13       5      16       4       2      18       3      12      20       7       9       6
  102100      19      11       8      18      15       1      13       9      14       5      16       3       2      17       4      12      20       7      10       6
  102200      19      10       9      18      14       1      13       8      15       5      16       2       3      17       4      12      20       6      11       7
  102300      19       9      10      17      14       1      13       7      15       5      16       2       4      18       3      12      20       6      11       8
  102400      19       8      11      16      15       1      12       6      14       5      17       3       4      18       2      13      20       7      10       9
  102500      19       7      12      16      15       1      11       5      13       6      17       4       3      18       2      14      20       8       9      10
  102600      19       6      12      17      15       1      11       5      13       7      16       4       2      18       3      14      20       9       8      10
  102700      19       5      11      17      15       1      12       6      14       7      16       4       2      18       3      13      20      10       8       9
  102800      19       5      10      16      14       1      13       7      15       6      17       4       2      18       3      12      20      11       9       8
  102900      19       5       9      16      13       1      14       8      15       6      18       3       2      17       4      11      20      12      10       7
  103000      19       5       8      16      13       1      15       9      14       7      18       3       2      17       4      11      20      12      10       6
  103100      19       5       8      16      14       1      15      10      13       7      17       3       2      18       4      12      20      11       9       6
  103200      19       5       9      16      15       1      14      11      12       6      17       2       3      18       4      13      20      10       8       7
  103300      19       6      10      16      15       1      13      12      11       5      17       2       4      18       3      14      20       9       7       8
  103400      18       7      10      17      15       1      13      12      11       5      16       2       4      19       3      14      20       8       6       9
  103500      18       7       9      17      16       1      14      11      12       5      15       2       3      20       4      13      19       8       6      10
  103600      19       6       8      16      17       1      14      10      13       5      15       2       3      20       4      12      18       9       7      11
  103700      20       5       7      16      17       1      13       9      14       6      15       2       3      19       4      11      18      10       8      12
  103800      20       5       6      17      16       1      13       9      14       7      15       2       3      18       4      10      19      11       8      12
  103900      19       6       5      18      15       1      14      10      13       7      16       2       3      17       4       9      20      12       8      11
  104000      18       7       5      19      15       1      14      11      12       6      16       2       3      17       4       9      20      13       8      10
  104100      17       8       6      19      15       1      14      11      12       5      16       2       4      18       3      10      20      13       7       9
  104200      17       9       6      18      14       1      15      11      13       5      16       2       4      19       3      10      20      12       7       8
  104300      18      10       6      17      14       1      16      11      13       5      15       2       3      19       4       9      20      12       8       7
  104400      19      10       7      17      14       1      16      11      13       4      15       2       3      18       5       9      20      12       8       6
  104500      19       9       8      18      14       1      15      12      13       4      16       2       3      17       5      10      20      11       7       6
  104600      18       8       9      19      15       1      14      13      12       5      17       2       3      16       4      11      20      10       6       7
  104700      18       8      10      19      16       1      13      14      12       6      17       2       3      15       4      11      20       9       5       7
  104800      19       8      11      18      17       1      13      14      12       7      16       2       3      15       4      10      20       9       5       6
  104900      20       8      11      18      17       1      14      13      12       7      15       2       4      16       3       9      19      10       6       5
  105000      20       9      10      18      16       1      14      12      13       6      15       2       4      17       3       8      19      11       7       5
  105100      19       9      10      18      15       1      13      11      14       5      16       2       3      17       4       8      20      12       7       6
  105200      18       8      10      19      14       1      12      11      15       4      16       2       3      17       5       9      20      13       6       7
  105300      18       7       9      19      14       1      12      11      15       4      16       2       3      17       6      10      20      13       5       8
  105400      19       7       9      18      15       1      13      11      14       4      16       3       2      17       6      10      20      12       5       8
  105500      19       8       9      17      15       1      13      11      14       4      16       3       2      18       5      10      20      12       6       7
  105600      19       9       8      16      15       1      13      10      14       5      17       2       3      18       4      11      20      12       7       6
  105700      19      10       8      16      15       1      14       9      13       6      17       2       4      18       3      11      20      12       7       5
  105800      19      10       9      17      15       1      14       8      12       6      16       2       4      18       3      11      20      13       7       5
  105900      19       9      10      18      15       1      14       7      12       5      16       2       3      17       4      11      20      13       8       6
  106000      19       8      11      18      15       1      14       6      13       5      16       3       2      17       4      10      20      12       9       7
  106100      20       7      11      17      16       1      13       6      14       5      15       3       2      18       4       9      19      12      10       8
  106200      20       6      11      17      16       1      12       7      14       5      15       2       3      18       4       8      19      13      10       9
  106300      19       5      12      18      15       1      11       7      13       6      16       2       3      17       4       8      20      14       9      10
  106400      18       4      12      19      14       1      11       6      13       7      16       3       2      17       5       9      20      15       8      10
  106500      17       4      11      19      13       1      12       6      14       7      16       3       2      18       5      10      20      15       8       9
  106600      17       5      10      18      13       1      12       6      15       7      16       2       3      19       4      11      20      14       9       8
  106700      18       6      10      17      14       1      11       5      15       8      16       2       3      19       4      12      20      13       9       7
  106800      19       7      11      17      15       1      10       5      14       9      16       2       3      18       4      13      20      12       8       6
  106900      20       8      12      18      15       1       9       6      14      10      16       2       4      17       3      13      19      11       7       5
  107000      20       9      13      18      14       1       8       7      15      10      17       2       5      16       3      12      19      11       6       4
  107100      19      10      14      17      13       1       7       8      16       9      18       2       5      15       3      11      20      12       6       4
  107200      19      11      14      17      13       1       7       9      16       8      18       2       4      15       3      10      20      12       6       5
  107300      19      11      13      18      14       1       8      10      15       7      17       2       3      16       4       9      20      12       6       5
  107400      18      10      12      19      14       1       9      11      15       6      16       2       3      17       4       8      20      13       7       5
  107500      18       9      12      19      14       2      10      11      15       5      16       1       3      17       4       7      20      13       8       6
  107600      19       8      13      18      15       2      11      10      14       4      17       1       3      16       5       7      20      12       9       6
  107700      19       7      13      18      15       2      12      10      14       4      17       1       3      16       5       8      20      11       9       6
  107800      19       6      12      18      15       2      13      11      14       5      16       1       3      17       4       9      20      10       8       7
  107900      20       6      11      18      15       1      14      12      13       5      16       2       4      17       3      10      19       9       7       8
  108000      20       7      10      18      15       1      14      13      12       5      16       2       4      17       3      11      19       9       6       8
  108100      19       7       9      18      15       1      14      13      12       5      16       2       3      17       4      11      20      10       6       8
  108200      18       6       8      19      14       1      15      12      13       4      17       2       3      16       5      11      20      10       7       9
  108300      18       6       7      19      14       1      15      12      13       4      17       2       3      16       5      11      20       9       8      10
  108400      19       6       7      18      14       1      15      12      13       5      16       3       2      17       4      10      20       8       9      11
  108500      19       5       8      18      13       1      15      12      14       6      16       3       2      17       4       9      20       7      10      11
  108600      19       5       9      18      13       1      14      12      15       6      17       2       3      16       4       8      20       7      10      11
  108700      19       6      10      17      14       1      13      12      15       5      18       2       3      16       4       7      20       8       9      11
  108800      19       7      11      17      15       1      13      12      14       5      18       3       2      16       4       6      20       9       8      10
  108900      20       7      12      17      16       1      14      11      13       6      18       3       2      15       4       5      19       9       8      10
  109000      20       6      13      17      16       1      14      11      12       7      18       2       3      15       4       5      19       8       9      10
  109100      19       6      13      17      15       1      14      12      11       8      18       2       3      16       4       5      20       7       9      10
  109200      19       6      12      17      15       1      14      13      10       8      18       2       3      16       4       5      20       7       9      11
  109300      19       5      11      18      15       1      13      14       9       7      17       2       3      16       4       6      20       8      10      12
  109400      19       5      10      18      15       1      13      14       8       6      16       3       2      17       4       7      20       9      11      12
  109500      19       6       9      17      15       1      14      13       8       5      16       3       2      18       4       7      20      10      11      12
  109600      19       7       9      17      15       1      14      13       8       5      16       3       2      18       4       6      20      11      10      12
  109700      19       7      10      18      15       1      13      14       8       6      16       4       2      17       3       5      20      12       9      11
  109800      18       6      11      19      15       1      12      14       9       7      16       4       2      17       3       5      20      13       8      10
  109900      18       5      12      19      15       1      11      13      10       7      16       3       2      17       4       6      20      14       8       9
  110000      19       5      12      18      15       1      10      13      11       6      16       2       3      17       4       7      20      14       9       8
  110100      19       6      11      17      15       1      10      14      12       5      16       2       4      18       3       7      20      13       9       8
  110200      19       7      10      17      14       1      11      15      12       5      16       2       4      18       3       6      20      13       8       9
  110300      20       8       9      18      13       1      12      16      11       6      15       2       3      17       4       5      19      14       7      10
  110400      20       8       9      18      13       1      12      16      11       6      15       2       3      17       4       5      19      14       7      10
  110500      19       8      10      17      14       2      11      15      12       5      16       1       3      18       4       6      20      13       7       9
  110600      19       9      11      17      15       2      10      14      12       5      16       1       3      18       4       7      20      13       6       8
  110700      19      10      12      18      15       1       9      13      11       5      16       2       4      17       3       7      20      14       6       8
  110800      19      11      12      18      15       1       8      13      10       5      16       2       4      17       3       6      20      14       7       9
  110900      20      12      11      17      15       1       8      14       9       5      16       2       3      18       4       6      19      13       7      10
  111000      20      12      10      17      14       1       9      15       8       5      16       3       2      18       4       6      19      13       7      11
  111100      19      11       9      18      13       1      10      15       7       5      16       3       2      17       4       6      20      14       8      12
  111200      18      10       9      19      13       1      11      15       6       4      17       2       3      16       5       7      20      14       8      12
  111300      18       9      10      19      14       1      12      15       6       4      17       2       3      16       5       8      20      13       7      11
  111400      19       8      11      18      15       1      13      14       6       5      16       2       3      17       4       9      20      12       7      10
  111500      19       8      12      17      15       1      13      14       5       6      16       2       4      18       3      10      20      11       7       9
  111600      19       9      12      16      14       1      13      15       5       6      17       2       4      18       3      10      20      11       7       8
  111700      20      10      11      16      13       1      14      15       6       5      18       2       3      17       4       9      19      12       7       8
  111800      20      10      11      17      12       1      14      15       7       5      18       2       3      16       4       8      19      13       6       9
  111900      19      10      11      18      12       1      13      15       7       6      17       2       4      16       3       8      20      14       5       9
  112000      19      11      10      18      12       1      13      14       7       6      17       3       4      16       2       9      20      15       5       8
  112100      19      11       9      18      12       1      13      14       8       5      17       3       4      16       2      10      20      15       6       7
  112200      19      11       9      18      13       1      12      15       8       5      17       2       4      16       3      10      20      14       7       6
  112300      19      11      10      18      14       1      12      15       8       5      17       2       3      16       4       9      20      13       7       6
  112400      19      10      11      18      14       1      13      15       8       5      16       2       3      17       4       9      20      12       6       7
  112500      19      10      11      17      13       1      14      15       7       5      16       2       4      18       3       9      20      12       6       8
  112600      19      11      10      17      12       1      15      14       6       5      16       3       4      18       2       8      20      13       7       9
  112700      19      11       9      18      12       1      15      14       6       5      16       3       4      17       2       8      20      13       7      10
  112800      19      10       8      18      13       1      14      15       7       5      17       3       4      16       2       9      20      12       6      11
  112900      19       9       7      18      14       1      13      15       8       5      17       3       4      16       2      10      20      11       6      12
  113000      19       9       6      18      15       1      13      14       8       5      16       2       4      17       3      10      20      11       7      12
  113100      19      10       6      18      15       1      14      13       7       5      16       2       3      17       4       9      20      12       8      11
  113200      19      11       7      18      15       1      14      12       6       5      16       2       3      17       4       9      20      13       8      10
  113300      19      11       8      17      15       2      14      12       6       5      16       1       4      18       3      10      20      13       7       9
  113400      19      10       8      17      15       2      14      13       7       4      16       1       5      18       3      11      20      12       6       9
  113500      19      10       8      18      15       1      14      13       7       4      16       2       5      17       3      12      20      11       6       9
  113600      19      11       9      18      15       1      14      13       6       5      16       3       4      17       2      12      20      10       7       8
  113700      19      12      10      17      16       1      13      14       6       5      15       4       3      18       2      11      20       9       7       8
  113800      18      13      11      17      16       1      12      14       6       5      15       4       3      19       2      10      20       8       7       9
  113900      18      14      11      17      15       1      12      13       6       5      16       3       4      19       2       9      20       8       7      10
  114000      19      14      10      16      15       1      12      13       7       5      17       2       4      18       3       8      20       9       6      11
  114100      19      13       9      15      16       1      12      14       7       5      17       2       4      18       3       8      20      10       6      11
  114200      19      12       9      15      16       1      13      14       6       5      17       2       4      18       3       8      20      11       7      10
  114300      20      11      10      16      15       1      14      13       6       5      17       2       4      18       3       8      19      12       7       9
  114400      20      10      11      17      15       1      14      13       7       5      16       2       4      18       3       9      19      12       6       8
  114500      19       9      12      17      15       1      13      14       8       6      16       2       4      18       3      10      20      11       5       7
  114600      19       8      12      16      14       1      13      15       9       6      17       3       4      18       2      10      20      11       5       7
  114700      19       8      12      16      14       1      13      15       9       5      18       3       4      17       2      10      20      11       6       7
  114800      19       9      12      17      14       1      13      15       8       5      18       3       4      16       2      10      20      11       7       6
  114900      19      10      11      18      13       1      14      15       7       5      17       3       4      16       2       9      20      12       8       6
  115000      19      11      10      18      13       1      14      15       7       5      16       2       4      17       3       8      20      12       9       6
  115100      19      11      10      17      14       1      13      15       8       5      16       2       4      18       3       7      20      12       9       6
  115200      18      10      11      16      14       1      12      15       9       4      17       2       5      19       3       6      20      13       8       7
  115300      17       9      11      16      14       1      12      15      10       3      18       2       5      20       4       6      19      13       7       8
  115400      17       9      11      16      14       1      13      15      10       3      18       2       4      20       5       7      19      12       6       8
  115500      18      10      12      16      13       1      14      15       9       4      17       2       3      19       5       8      20      11       6       7
  115600      19      10      12      17      13       1      14      15       8       4      16       2       3      18       5       9      20      11       6       7
  115700      20      10      11      17      14       1      13      16       8       3      15       2       4      18       5       9      19      12       6       7
  115800      20      11      10      17      14       1      12      16       9       3      15       2       5      18       4       8      19      13       7       6
  115900      19      12      10      17      14       1      11      15       9       4      16       2       5      18       3       8      20      13       7       6
  116000      19      13      11      16      14       1      10      15       8       5      17       2       4      18       3       9      20      12       6       7
  116100      19      13      12      16      14       1       9      15       7       5      18       2       3      17       4      10      20      11       6       8
  116200      19      12      13      17      15       1       8      14       6       4      18       3       2      16       5      11      20      10       7       9
  116300      19      11      14      18      16       1       8      13       6       4      17       3       2      15       5      12      20      10       7       9
  116400      19      11      14      18      16       1       9      13       7       5      17       2       3      15       4      12      20      10       6       8
  116500      19      12      13      18      15       1      10      14       8       5      17       2       4      16       3      11      20       9       6       7
  116600      19      12      13      18      14       1      10      15       8       5      16       2       4      17       3      11      20       9       7       6
  116700      19      12      13      18      14       1       9      15       7       5      16       2       3      17       4      11      20      10       8       6
  116800      19      12      13      18      15       1       8      14       7       4      16       2       3      17       5      10      20      11       9       6
  116900      19      11      13      18      15       1       8      14       7       3      16       2       4      17       5      10      20      12       9       6
  117000      19      10      13      18      14       1       9      15       6       3      17       2       5      16       4      11      20      12       8       7
  117100      20       9      13      18      14       1      10      15       6       4      17       2       5      16       3      11      19      12       8       7
  117200      20       8      13      18      15       1      11      14       7       4      16       2       5      17       3      10      19      12       9       6
  117300      19       8      13      17      15       1      12      14       7       3      16       2       5      18       4       9      20      11      10       6
  117400      19       9      12      17      14       1      13      15       6       3      16       2       4      18       5       8      20      11      10       7
  117500      19      10      11      18      13       1      14      15       6       3      16       2       4      17       5       8      20      12       9       7
  117600      18      11      10      19      13       1      15      14       7       3      17       2       5      16       4       9      20      12       8       6
  117700      18      12       9      19      14       1      15      13       8       4      17       2       5      16       3      10      20      11       7       6
  117800      19      12       8      18      15       1      14      13       9       5      16       2       4      17       3      11      20      10       6       7
  117900      19      11       8      17      16       1      13      14      10       5      15       2       3      18       4      12      20       9       6       7
  118000      19      10       8      17      16       1      12      14      11       5      15       2       3      18       4      13      20       9       6       7
  118100      19      10       8      18      15       1      11      14      12       5      16       2       4      17       3      13      20       9       6       7
  118200      18      11       9      19      14       1      10      15      12       4      17       3       5      16       2      13      20       8       7       6
  118300      18      12      10      19      13       1       9      15      11       4      17       3       5      16       2      14      20       7       8       6
  118400      19      12      11      18      13       1       8      15      10       5      17       3       4      16       2      14      20       6       9       7
  118500      19      11      12      17      14       1       7      15       9       6      18       4       3      16       2      13      20       5      10       8
  118600      19      11      13      16      15       1       6      14       8       7      18       4       2      17       3      12      20       5      10       9
  118700      20      12      13      15      16       1       5      14       8       7      18       3       2      17       4      11      19       6       9      10
  118800      20      12      13      15      16       1       5      14       9       6      18       2       3      17       4      10      19       7       8      11
  118900      19      12      13      16      15       1       6      14      10       5      17       2       4      18       3       9      20       8       7      11
  119000      19      13      12      16      15       1       6      14      10       5      17       2       4      18       3       9      20       8       7      11
  119100      20      13      12      16      15       1       6      14       9       5      18       2       4      17       3      10      19       7       8      11
  119200      20      12      13      17      14       1       7      15       8       5      18       2       4      16       3      11      19       6       9      10
  119300      19      11      14      18      13       1       7      15       8       5      17       2       3      16       4      12      20       6      10       9
  119400      18      10      14      19      12       1       6      15       9       4      16       2       3      17       5      13      20       7      11       8
  119500      17       9      13      19      11       1       6      15      10       4      16       2       3      18       5      14      20       8      12       7
  119600      17       8      13      18      10       1       7      14      11       5      16       2       3      19       4      15      20       9      12       6
  119700      18       7      14      17       9       1       8      13      11       5      16       2       3      19       4      15      20      10      12       6
  119800      19       7      15      16       8       1       9      12      10       5      17       2       3      18       4      14      20      11      13       6
  119900      20       7      15      16       8       1      10      11       9       5      18       2       3      17       4      14      19      12      13       6
  120000      20       6      15      17       9       1      10      11       8       5      18       2       3      16       4      14      19      13      12       7
  120100      19       6      15      18      10       1       9      12       7       5      17       2       3      16       4      13      20      14      11       8
  120200      19       6      14      18      11       1       9      12       7       4      16       3       2      17       5      13      20      15      10       8
  120300      19       6      14      18      12       1      10      11       8       4      16       3       2      17       5      13      20      15       9       7
  120400      19       7      15      18      13       1      10      11       9       4      16       2       3      17       5      12      20      14       8       6
  120500      19       8      15      17      14       1       9      12      10       4      16       2       3      18       6      11      20      13       7       5
  120600      19       9      14      17      15       1       8      13      11       4      16       2       3      18       6      10      20      12       7       5
  120700      19       9      13      18      15       1       7      14      12       3      16       2       4      17       5      10      20      11       8       6
  120800      19       8      12      18      15       1       6      14      13       3      16       2       4      17       5      11      20      10       9       7
  120900      20       7      11      17      15       1       6      13      14       4      16       2       3      18       5      12      19       9      10       8
  121000      20       6      10      17      15       1       7      13      14       4      16       2       3      18       5      12      19       9      11       8
  121100      19       5       9      18      15       1       8      14      13       3      16       2       4      17       6      11      20      10      12       7
  121200      18       5       8      19      15       1       9      14      13       3      16       2       4      17       7      10      20      11      12       6
  121300      18       6       8      19      15       1      10      13      14       4      16       2       3      17       7       9      20      12      11       5
  121400      19       7       9      18      15       1      11      12      14       4      17       2       3      16       6       8      20      13      10       5
  121500      19       8      10      17      15       1      11      12      14       3      18       2       4      16       5       7      20      13       9       6
  121600      19       8      11      17      14       1      10      12      15       3      18       2       4      16       5       7      20      13       9       6
  121700      19       8      11      18      13       1       9      12      15       4      17       2       3      16       6       7      20      14      10       5
  121800      19       9      10      18      13       1       8      12      14       5      16       2       3      17       6       7      20      15      11       4
  121900      20       9      10      17      14       1       7      11      13       5      16       2       3      18       6       8      19      15      12       4
  122000      20       8      11      17      15       1       6      10      13       4      16       2       3      18       7       9      19      14      12       5
  122100      19       8      12      18      15       1       5       9      14       3      16       2       4      17       7      10      20      13      11       6
  122200      19       9      12      18      15       1       5       8      14       3      16       2       4      17       6      11      20      13      10       7
  122300      19       9      11      18      15       1       6       8      13       4      16       2       3      17       5      12      20      14      10       7
  122400      18       8      11      19      14       1       7       9      13       4      16       2       3      17       5      12      20      15      10       6
  122500      18       7      11      19      13       1       8      10      14       4      15       2       3      17       6      12      20      16       9       5
  122600      19       7      10      18      13       1       9      11      15       4      14       3       2      17       6      12      20      16       8       5
  122700      20       8       9      17      13       1      10      12      15       4      14       3       2      18       6      11      19      16       7       5
  122800      20       9       8      17      12       1      11      13      14       5      15       3       2      18       7      10      19      16       6       4
  122900      19      10       8      18      11       1      12      14      13       5      16       3       2      17       7       9      20      15       6       4
  123000      18      10       8      19      11       1      13      14      12       4      17       2       3      16       6       9      20      15       7       5
  123100      18       9       8      19      12       1      13      14      11       3      17       2       4      16       5      10      20      15       7       6
  123200      19       8       9      18      13       1      12      15      10       3      17       2       4      16       5      11      20      14       6       7
  123300      19       7       9      17      14       1      11      15      10       4      18       2       3      16       6      12      20      13       5       8
  123400      19       7       8      16      15       1      10      14      11       4      18       3       2      17       6      13      20      12       5       9
  123500      19       7       8      16      15       1      10      13      11       4      17       3       2      18       5      14      20      12       6       9
  123600      19       7       9      16      14       1      11      12      10       4      17       3       2      18       5      15      20      13       6       8
  123700      19       8      10      16      14       1      12      11       9       4      18       3       2      17       6      15      20      13       5       7
  123800      19       9      11      17      15       1      12      10       8       4      18       2       3      16       7      14      20      13       5       6
  123900      19      10      12      17      15       1      11       9       8       4      18       2       3      16       7      13      20      14       5       6
  124000      19      11      12      16      15       1      10       8       9       4      18       2       3      17       6      13      20      14       5       7
  124100      19      12      11      15      16       1      10       8       9       3      17       2       4      18       6      13      20      14       5       7
  124200      18      12      10      15      16       1      11       9       8       3      17       2       4      19       6      13      20      14       5       7
  124300      18      11       9      16      15       1      12      10       8       3      17       2       4      19       5      13      20      14       6       7
  124400      19      10       8      17      15       1      12      11       9       3      16       2       4      18       5      13      20      14       7       6
  124500      19      10       8      17      15       1      11      12       9       4      16       2       3      18       6      14      20      13       7       5
  124600      18      10       9      17      15       1      11      12       8       4      16       2       3      19       7      14      20      13       6       5
  124700      18       9      10      17      15       1      11      12       8       3      16       2       4      19       7      13      20      14       5       6
  124800      19       8      11      17      14       1      10      13       9       3      16       2       4      18       6      12      20      15       5       7
  124900      20       8      12      18      14       1       9      13      10       4      16       2       3      17       6      11      19      15       5       7
  125000      20       9      12      18      14       1       8      13      10       4      16       2       3      17       6      11      19      15       5       7
  125100      19      10      11      17      13       1       7      14       9       4      15       2       3      18       5      12      20      16       6       8
  125200      18      11      10      17      13       1       6      14       9       5      15       2       3      19       4      12      20      16       7       8
  125300      18      12      10      17      14       1       6      13       9       5      16       2       3      19       4      11      20      15       8       7
  125400      19      12      11      17      14       1       6      13       9       4      16       2       3      18       5      10      20      15       8       7
  125500      20      11      12      17      13       1       5      14       9       4      16       2       3      18       6      10      19      15       7       8
  125600      20      10      13      17      12       1       5      15       8       4      16       2       3      18       6      11      19      14       7       9
  125700      19      10      14      18      12       1       5      15       8       4      16       2       3      17       6      11      20      13       7       9
  125800      19      11      14      18      13       1       5      15       9       4      16       2       3      17       7      10      20      12       6       8
  125900      19      11      13      17      14       1       6      15       9       3      16       2       4      18       8      10      20      12       5       7
  126000      18      10      12      17      15       1       7      14       9       3      16       2       4      19       8      11      20      13       5       6
  126100      18       9      12      17      15       1       8      13      10       4      16       2       3      19       7      11      20      14       6       5
  126200      19       8      12      17      14       1       9      13      10       5      16       2       3      18       6      11      20      15       7       4
  126300      19       8      11      18      13       1       9      14      10       5      16       2       3      17       6      12      20      15       7       4
  126400      19       9      10      18      13       1       8      15      11       4      16       2       3      17       7      12      20      14       6       5
  126500      19      10       9      17      14       1       8      15      11       3      16       2       4      18       7      12      20      13       6       5
  126600      19      11       8      17      15       1       9      14      10       3      16       2       4      18       6      12      20      13       7       5
  126700      19      11       8      18      16       1      10      13       9       4      15       2       3      17       6      12      20      14       7       5
  126800      19      10       9      18      16       1      11      12       8       4      15       2       3      17       7      13      20      14       6       5
  126900      19      10       9      17      15       1      12      11       7       4      16       2       3      18       8      14      20      13       6       5
  127000      19      11       8      17      14       1      12      10       6       5      16       2       3      18       9      15      20      13       7       4
  127100      19      11       7      18      14       1      12       9       6       5      16       2       3      17      10      15      20      13       8       4
  127200      19      10       6      18      15       1      12       9       7       4      17       2       3      16      11      14      20      13       8       5
  127300      19       9       5      17      15       1      12      10       7       4      18       2       3      16      11      13      20      14       8       6
  127400      19       8       5      16      15       1      12      11       7       4      18       3       2      17      10      13      20      14       9       6
  127500      19       7       6      16      15       1      11      12       8       3      17       4       2      18       9      14      20      13      10       5
  127600      19       7       6      16      15       1      11      13       9       3      17       4       2      18       8      14      20      12      10       5
  127700      20       8       6      15      16       1      11      13      10       3      17       4       2      18       7      14      19      12       9       5
  127800      20       9       7      15      16       1      11      12      10       2      17       4       3      18       6      14      19      13       8       5
  127900      19      10       8      16      15       1      12      11       9       2      17       3       4      18       5      13      20      14       7       6
  128000      18      10       9      17      15       1      12      11       8       2      16       3       4      19       5      13      20      14       6       7
  128100      17       9      10      18      16       1      11      12       8       2      15       3       4      19       6      14      20      13       5       7
  128200      17       8      10      18      16       1      11      12       9       3      15       2       4      19       7      14      20      13       5       6
  128300      18       8       9      17      15       1      11      12      10       4      16       2       3      19       7      13      20      14       5       6
  128400      19       8       9      16      14       1      10      13      11       4      17       2       3      18       6      12      20      15       5       7
  128500      19       7      10      16      14       1       9      13      12       3      17       2       4      18       5      11      20      15       6       8
  128600      18       6      11      17      15       1       8      12      13       3      16       2       4      19       5      10      20      14       7       9
  128700      18       5      12      17      16       1       8      11      14       4      15       2       3      19       6      10      20      13       7       9
  128800      19       5      12      17      16       1       9      10      14       4      15       3       2      18       6      11      20      13       7       8
  128900      20       6      11      17      15       1      10       9      13       3      16       4       2      18       5      12      19      14       8       7
  129000      20       7      10      16      14       1      11       9      12       2      17       4       3      18       5      13      19      15       8       6
  129100      19       8       9      15      14       1      11      10      12       2      17       3       4      18       6      13      20      16       7       5
  129200      19       9       8      15      14       1      11      10      12       3      17       2       4      18       7      13      20      16       6       5
  129300      19      10       8      16      14       1      12       9      11       3      17       2       4      18       7      13      20      15       6       5
  129400      18      11       9      17      14       1      13       8      10       2      16       3       4      19       6      12      20      15       7       5
  129500      18      11      10      17      13       1      14       8       9       2      16       4       3      19       5      12      20      15       7       6
  129600      19      10      11      16      12       1      14       9       8       3      17       4       2      18       5      13      20      15       6       7
  129700      19       9      11      16      12       1      13      10       8       4      17       3       2      18       5      14      20      15       6       7
  129800      19       9      10      16      13       1      12      11       8       4      17       3       2      18       5      15      20      14       7       6
  129900      19      10       9      16      14       1      11      12       8       3      18       4       2      17       5      15      20      13       7       6
  130000      19      11       8      16      15       1      10      12       9       2      18       4       3      17       5      14      20      13       6       7
  130100      19      11       7      16      15       1       9      12      10       2      17       4       3      18       6      14      20      13       5       8
  130200      19      11       6      17      15       1       8      12      10       3      16       4       2      18       7      14      20      13       5       9
  130300      19      12       5      18      16       1       7      11       9       4      15       3       2      17       8      14      20      13       6      10
  130400      19      13       5      18      16       1       6      11       9       4      15       3       2      17       8      14      20      12       7      10
  130500      19      13       6      17      15       1       5      12      10       4      16       3       2      18       7      14      20      11       8       9
  130600      19      13       7      16      14       1       5      12      10       4      17       3       2      18       6      15      20      11       9       8
  130700      19      13       8      16      14       1       6      11       9       3      17       4       2      18       5      15      20      12      10       7
  130800      19      12       9      17      15       1       6      11       8       3      16       5       2      18       4      14      20      13      10       7
  130900      19      12      10      17      15       1       6      11       8       3      16       5       2      18       4      13      20      14       9       7
  131000      19      12      11      16      14       1       6      10       8       2      17       4       3      18       5      13      20      15       9       7
  131100      19      11      12      16      13       1       6       9       7       2      17       4       3      18       5      14      20      15      10       8
  131200      18      10      12      17      13       1       7       9       6       3      16       4       2      19       5      15      20      14      11       8
  131300      18       9      12      17      14       1       8      10       6       3      16       4       2      19       5      15      20      13      11       7
  131400      19       8      12      16      15       1       9      11       7       3      17       4       2      18       5      14      20      13      10       6
  131500      19       7      11      16      15       1      10      12       8       4      17       3       2      18       6      13      20      14       9       5
  131600      19       7      10      16      15       1      11      13       9       4      17       3       2      18       6      12      20      14       8       5
  131700      19       8      10      16      15       1      12      14       9       3      17       4       2      18       5      11      20      13       7       6
  131800      18       9      11      17      14       1      12      15       8       2      16       4       3      19       5      10      20      13       6       7
  131900      18      10      12      17      13       1      11      15       7       2      16       4       3      19       5       9      20      14       6       8
  132000      19      11      13      16      12       1      10      14       6       3      17       4       2      18       5       9      20      15       7       8
  132100      20      11      13      16      12       1       9      14       6       4      18       3       2      17       5      10      19      15       8       7
  132200      20      10      12      16      13       1       8      15       6       4      18       3       2      17       5      11      19      14       9       7
  132300      19       9      11      16      13       1       8      15       6       3      17       4       2      18       5      12      20      14      10       7
  132400      19       8      11      17      13       1       9      14       7       2      16       4       3      18       5      12      20      15      10       6
  132500      19       7      12      18      14       1      10      13       8       2      16       3       4      17       6      11      20      15       9       5
  132600      19       6      13      18      15       1      10      12       8       2      16       3       4      17       7      11      20      14       9       5
  132700      19       5      14      17      16       1       9      11       8       2      15       4       3      18       7      12      20      13      10       6
  132800      19       5      14      17      16       1       8      10       9       3      15       4       2      18       6      13      20      12      11       7
  132900      19       6      13      17      15       1       8      10       9       4      16       3       2      18       5      14      20      12      11       7
  133000      19       6      12      16      15       1       9      11       8       4      17       3       2      18       5      14      20      13      10       7
  133100      19       5      11      16      15       1       9      12       7       4      17       3       2      18       6      13      20      14      10       8
  133200      18       5      10      16      14       1       8      12       7       4      17       3       2      19       6      13      20      15      11       9
  133300      18       6       9      15      14       1       8      12       7       4      17       3       2      19       5      13      20      16      11      10
  133400      19       7       8      15      14       1       9      12       6       4      17       3       2      18       5      13      20      16      11      10
  133500      19       7       8      16      13       1      10      11       6       3      17       4       2      18       5      14      20      15      12       9
  133600      19       7       9      17      12       1      10      11       6       3      16       4       2      18       5      15      20      14      13       8
  133700      19       7      10      18      11       1       9      12       6       4      15       3       2      17       5      16      20      14      13       8
  133800      19       6      11      18      10       1       9      12       7       4      15       3       2      17       5      16      20      14      13       8
  133900      19       5      12      17      10       1       9      11       8       4      16       3       2      18       6      15      20      14      13       7
  134000      19       4      13      17      10       1       9      11       8       5      16       3       2      18       7      14      20      15      12       6
  134100      19       4      14      17      10       1       9      12       7       5      15       3       2      18       8      13      20      16      11       6
  134200      19       5      14      17      11       1       9      13       6       4      15       3       2      18       8      12      20      16      10       7
  134300      20       6      13      17      12       1      10      14       5       3      16       4       2      18       7      11      19      15       9       8
  134400      20       7      12      16      13       1      11      15       4       3      17       5       2      18       6      10      19      14       8       9
  134500      19       7      12      16      14       1      11      15       4       3      17       5       2      18       6       9      20      13       8      10
  134600      19       7      13      16      15       1      10      14       5       3      17       4       2      18       6       8      20      12       9      11
  134700      19       7      14      16      15       1       9      13       6       3      17       4       2      18       5       8      20      12      10      11
  134800      19       6      15      17      14       1       8      12       7       3      16       4       2      18       5       9      20      13      11      10
  134900      19       5      15      17      14       1       8      12       7       4      16       3       2      18       6      10      20      13      11       9
  135000      18       5      14      17      15       1       9      12       7       4      16       2       3      19       6      11      20      13      10       8
  135100      17       6      13      18      16       1      10      11       7       4      15       2       3      19       5      12      20      14       9       8
  135200      17       7      13      19      16       1      10      11       6       4      14       3       2      18       5      12      20      15       8       9
  135300      18       7      13      19      15       1       9      12       6       3      14       4       2      17       5      11      20      16       8      10
  135400      19       6      13      18      14       1       8      12       7       3      15       4       2      17       5      10      20      16       9      11
  135500      19       5      13      17      14       1       8      12       7       4      16       3       2      18       6       9      20      15      10      11
  135600      19       5      12      17      15       1       8      13       6       4      16       3       2      18       7       9      20      14      11      10
  135700      19       5      12      18      16       1       8      14       6       3      15       4       2      17       7      10      20      13      11       9
  135800      19       5      12      18      16       1       8      14       7       2      15       4       3      17       6      11      20      13      10       9
  135900      19       6      12      17      15       1       8      13       7       2      16       3       4      18       5      11      20      14       9      10
  136000      19       7      13      17      15       1       8      12       6       3      16       2       4      18       5      10      20      14       9      11
  136100      20       8      14      17      15       1       7      12       6       3      16       2       4      18       5       9      19      13      10      11
  136200      20       9      14      16      15       1       6      12       7       2      17       3       4      18       5       8      19      13      11      10
  136300      19      10      13      16      15       1       6      12       7       2      17       4       3      18       5       8      20      14      11       9
  136400      18      10      12      17      14       1       7      13       6       2      16       4       3      19       5       9      20      15      11       8
  136500      18      10      12      17      13       1       8      14       5       2      16       3       4      19       6       9      20      15      11       7
  136600      19      11      12      16      13       1       8      14       5       2      17       3       4      18       7       9      20      15      10       6
  136700      19      11      12      16      14       1       8      13       6       2      17       4       3      18       7      10      20      15       9       5
  136800      18      10      13      17      15       1       9      12       7       3      16       4       2      19       6      11      20      14       8       5
  136900      18       9      14      17      15       1      10      12       8       4      16       3       2      19       5      11      20      13       7       6
  137000      19       8      14      16      15       1      11      12       9       5      17       3       2      18       4      10      20      13       6       7
  137100      19       7      13      16      15       1      12      11       9       5      18       4       2      17       3      10      20      14       6       8
  137200      19       7      12      16      15       1      13      10       8       4      18       5       2      17       3      11      20      14       6       9
  137300      19       8      11      16      15       1      14      10       7       3      18       5       2      17       4      12      20      13       6       9
  137400      19       9      11      16      15       1      14      10       7       3      18       4       2      17       5      12      20      13       6       8
  137500      19      10      12      16      15       1      13       9       8       3      18       4       2      17       5      11      20      14       6       7
  137600      19      10      13      16      14       1      12       9       8       3      18       5       2      17       4      11      20      15       7       6
  137700      20       9      14      16      13       1      11      10       7       3      17       5       2      18       4      12      19      15       8       6
  137800      20       8      14      16      12       1      10      11       6       3      17       4       2      18       5      13      19      15       9       7
  137900      19       7      14      16      11       1       9      12       6       3      18       4       2      17       5      13      20      15      10       8
  138000      19       6      14      17      11       1       8      13       7       3      18       5       2      16       4      12      20      15      10       9
  138100      19       6      14      18      12       1       8      13       7       3      17       5       2      16       4      11      20      15       9      10
  138200      19       7      15      18      13       1       9      12       6       2      16       4       3      17       5      10      20      14       8      11
  138300      19       7      15      17      13       1      10      12       5       2      16       4       3      18       6       9      20      14       8      11
  138400      19       7      14      16      13       1      11      12       5       3      17       4       2      18       6       8      20      15       9      10
  138500      19       7      13      16      14       1      11      12       6       4      17       3       2      18       5       8      20      15      10       9
  138600      19       7      12      16      15       1      10      13       6       4      17       2       3      18       5       9      20      14      11       8
  138700      19       8      11      16      15       1       9      13       6       4      18       2       3      17       5      10      20      14      12       7
  138800      19       9      11      17      14       1       8      13       7       5      18       3       2      16       4      10      20      15      12       6
  138900      19       9      12      18      14       1       8      13       7       5      17       4       2      16       3      10      20      15      11       6
  139000      19       8      13      18      15       1       9      12       7       4      16       5       2      17       3      10      20      14      11       6
  139100      20       7      14      17      15       1       9      11       8       3      16       5       2      18       4      10      19      13      12       6
  139200      20       6      15      16      14       1       8      10       9       3      17       4       2      18       5      11      19      13      12       7
  139300      19       6      15      16      13       1       7      10       9       3      18       4       2      17       5      11      20      14      12       8
  139400      19       6      15      17      13       1       7      11       8       3      18       4       2      16       5      10      20      14      12       9
  139500      19       6      15      18      13       1       8      12       7       4      17       3       2      16       5       9      20      14      11      10
  139600      19       7      14      18      13       1       9      12       6       4      16       2       3      17       5       8      20      15      10      11
  139700      19       7      14      17      13       1       9      11       6       3      16       2       4      18       5       8      20      15      10      12
  139800      19       6      15      16      13       1       9      11       7       2      17       3       4      18       5       8      20      14      10      12
  139900      19       6      15      16      13       1      10      12       8       2      18       4       3      17       5       7      20      14       9      11
  140000      19       7      15      16      12       1      11      13       8       2      18       4       3      17       5       6      20      14       9      10
  140100      19       7      15      16      12       1      11      13       8       2      17       4       3      18       5       6      20      14      10       9
  140200      19       6      14      17      13       1      10      12       8       2      16       5       3      18       4       7      20      15      11       9
  140300      19       5      13      17      14       1      10      11       7       2      16       6       3      18       4       8      20      15      12       9
  140400      19       4      12      16      15       1      11      10       7       2      17       6       3      18       5       8      20      14      13       9
  140500      19       4      12      16      15       1      11       9       7       2      17       5       3      18       6       8      20      13      14      10
  140600      18       5      12      16      14       1      10       8       6       2      17       4       3      19       7       9      20      13      15      11
  140700      18       6      12      16      13       1       9       7       5       2      17       4       3      19       8      10      20      14      15      11
  140800      19       7      13      17      12       1       9       6       5       3      16       4       2      18       8      11      20      14      15      10
  140900      19       8      14      17      11       1      10       6       5       3      16       4       2      18       7      12      20      13      15       9
  141000      19       9      15      17      11       1      10       7       5       3      16       4       2      18       6      13      20      12      14       8
  141100      19       9      16      18      11       1      10       7       6       3      15       4       2      17       5      13      20      12      14       8
  141200      18       8      16      19      10       1      11       6       7       2      15       4       3      17       5      12      20      13      14       9
  141300      18       8      15      19       9       1      11       5       7       2      16       3       4      17       6      12      20      13      14      10
  141400      19       9      14      18       8       1      10       4       6       3      16       2       5      17       7      12      20      13      15      11
  141500      19      10      14      17       7       1       9       4       6       3      15       2       5      18       8      12      20      13      16      11
  141600      19      10      14      17       6       1       8       5       7       2      15       3       4      18       9      12      20      13      16      11
  141700      19       9      13      18       6       1       8       5       7       2      16       4       3      17      10      11      20      14      15      12
  141800      18       8      13      19       7       1       9       5       6       3      17       4       2      16      11      10      20      15      14      12
  141900      18       7      14      19       8       1      10       5       6       4      17       3       2      16      11       9      20      15      13      12
  142000      19       6      15      18       9       1      10       5       7       4      16       2       3      17      11       8      20      14      13      12
  142100      19       6      15      18      10       2       9       5       8       4      16       1       3      17      12       7      20      13      14      11
  142200      18       7      14      19      11       2       9       5       8       4      17       1       3      16      13       6      20      12      15      10
  142300      18       7      14      19      11       2      10       5       8       4      17       1       3      16      13       6      20      12      15       9
  142400      19       6      15      18      10       2      11       5       9       4      16       1       3      17      12       7      20      13      14       8
  142500      19       6      15      17      10       2      11       5       9       3      16       1       4      18      12       8      20      14      13       7
  142600      19       7      15      16      11       2      10       5       9       3      17       1       4      18      12       8      20      14      13       6
  142700      20       7      16      15      12       1       9       5      10       4      17       2       3      18      11       8      19      13      14       6
  142800      20       6      16      15      13       1       8       5      10       4      17       2       3      18      11       9      19      12      14       7
  142900      19       5      15      16      14       2       7       6       9       4      17       1       3      18      11      10      20      12      13       8
  143000      18       5      14      16      15       2       6       7       8       4      17       1       3      19      10      11      20      13      12       9
  143100      18       6      14      16      15       2       5       8       7       4      17       1       3      19       9      12      20      13      11      10
  143200      19       7      15      16      14       3       5       9       6       4      17       1       2      18       8      13      20      12      11      10
  143300      20       7      15      16      13       4       6      10       5       3      17       1       2      18       8      14      19      11      12       9
  143400      20       6      14      16      12       4       7      11       5       2      17       1       3      18       9      15      19      10      13       8
  143500      19       5      14      16      12       3       7      11       6       2      18       1       4      17      10      15      20       9      13       8
  143600      18       5      15      16      13       2       7      10       6       3      19       1       4      17      11      14      20       8      12       9
  143700      18       5      15      16      14       2       7      10       6       4      19       1       3      17      11      13      20       8      12       9
  143800      19       4      14      16      15       3       6      11       7       5      18       1       2      17      10      12      20       9      13       8
  143900      19       4      13      16      15       3       6      12       7       5      17       1       2      18      10      11      20       9      14       8
  144000      18       5      13      17      14       2       6      12       7       4      16       1       3      19      11      10      20       9      15       8
  144100      18       5      14      17      13       2       6      11       8       4      16       1       3      19      12       9      20      10      15       7
  144200      19       4      15      16      13       3       7      10       9       5      17       1       2      18      12       8      20      11      14       6
  144300      19       4      15      16      14       3       7      10       9       6      18       1       2      17      12       8      20      11      13       5
  144400      19       4      14      16      15       2       6      10       8       7      18       1       3      17      13       9      20      11      12       5
  144500      19       3      13      16      15       2       5       9       8       7      17       1       4      18      14      10      20      11      12       6
  144600      19       3      13      17      14       2       4       8       9       6      16       1       5      18      15      10      20      11      12       7
  144700      19       4      14      18      13       1       3       7       9       6      16       2       5      17      15      10      20      11      12       8
  144800      19       5      15      18      13       1       3       6       8       7      17       2       4      16      14      11      20      10      12       9
  144900      19       5      15      18      14       1       4       6       8       7      17       2       3      16      13      11      20       9      12      10
  145000      19       5      15      18      14       1       4       7       8       6      16       2       3      17      12      11      20       9      13      10
  145100      19       6      15      17      13       1       4       8       7       5      16       2       3      18      11      12      20      10      14       9
  145200      19       6      14      16      12       1       4       8       7       5      17       2       3      18      10      13      20      11      15       9
  145300      19       5      13      16      12       1       4       7       8       6      17       2       3      18       9      14      20      11      15      10
  145400      19       5      12      16      13       1       4       6       9       7      17       2       3      18       8      15      20      10      14      11
  145500      19       5      12      16      13       1       4       6       9       7      17       2       3      18       8      15      20      10      14      11
  145600      19       5      13      17      12       1       4       7       8       6      16       2       3      18       9      14      20      11      15      10
  145700      20       6      14      18      12       1       3       8       7       5      16       2       4      17      10      13      19      11      15       9
  145800      20       7      15      18      13       1       3       9       6       5      17       2       4      16      10      12      19      11      14       8
  145900      19       8      16      18      14       1       4       9       6       5      17       2       3      15      10      11      20      12      13       7
  146000      19       9      16      18      14       1       5       8       7       4      17       2       3      15      11      10      20      13      12       6
  146100      19      10      15      18      13       1       6       8       7       3      17       2       4      16      12       9      20      14      11       5
  146200      19      11      14      18      13       1       6       8       7       3      16       2       4      17      12       9      20      15      10       5
  146300      20      12      13      18      14       1       5       7       8       4      16       2       3      17      11       9      19      15      10       6
  146400      20      12      13      18      15       1       4       6       8       5      17       3       2      16      10       9      19      14      11       7
  146500      19      11      14      17      15       1       4       6       7       5      18       3       2      16      10       9      20      13      12       8
  146600      19      10      14      16      15       1       4       7       6       5      18       2       3      17      11       8      20      13      12       9
  146700      19       9      13      16      15       1       4       8       6       5      17       2       3      18      12       7      20      14      11      10
  146800      19       9      13      17      14       1       4       8       7       5      16       2       3      18      12       6      20      15      10      11
  146900      20      10      14      18      13       1       4       8       7       5      16       2       3      17      12       6      19      15       9      11
  147000      20      11      15      18      13       1       5       8       6       4      17       2       3      16      12       7      19      14       9      10
  147100      19      12      15      18      14       1       5       7       6       3      17       2       4      16      11       8      20      13      10       9
  147200      18      12      14      19      15       1       5       7       6       3      16       2       4      17      11       9      20      13      10       8
  147300      18      11      14      19      15       1       6       7       5       4      16       2       3      17      12      10      20      13       9       8
  147400      19      10      15      18      14       1       6       7       5       4      16       2       3      17      13      11      20      12       8       9
  147500      19       9      15      18      13       1       5       8       6       4      16       2       3      17      14      12      20      11       7      10
  147600      18       8      15      19      13       1       4       9       7       5      17       2       3      16      14      12      20      11       6      10
  147700      18       8      16      19      14       1       3      10       7       5      17       2       4      15      13      11      20      12       6       9
  147800      19       9      16      18      14       1       3      11       6       5      17       2       4      15      12      10      20      13       7       8
  147900      19       9      15      17      14       1       4      12       6       5      18       2       3      16      11      10      20      13       8       7
  148000      19       8      15      17      14       1       5      12       6       4      18       2       3      16      11      10      20      13       9       7
  148100      19       7      15      18      13       1       5      11       6       3      17       2       4      16      12       9      20      14      10       8
  148200      18       6      14      19      13       1       5      10       7       3      17       2       4      16      12       8      20      15      11       9
  148300      18       6      13      19      14       1       5       9       7       4      17       2       3      16      11       8      20      15      12      10
  148400      19       7      13      18      15       1       5       8       6       4      16       2       3      17      11       9      20      14      12      10
  148500      19       7      14      18      15       1       6       8       5       4      16       2       3      17      12      10      20      13      11       9
  148600      19       7      14      18      15       1       6       8       4       5      17       2       3      16      12      11      20      13      10       9
  148700      19       8      13      18      15       1       5       7       3       6      17       2       4      16      11      12      20      14      10       9
  148800      19       9      13      18      15       1       5       7       3       6      16       2       4      17      11      12      20      14      10       8
  148900      19       9      14      18      15       1       5       8       4       6      16       2       3      17      11      12      20      13      10       7
  149000      19       8      15      18      14       1       4       9       5       6      17       2       3      16      10      13      20      12      11       7
  149100      19       7      15      18      13       1       4       9       6       5      17       2       3      16      10      14      20      11      12       8
  149200      18       6      15      19      13       1       5       9       7       4      16       3       2      17      10      14      20      11      12       8
  149300      18       6      15      19      14       1       5       9       7       4      16       3       2      17      10      13      20      12      11       8
  149400      19       7      14      18      15       1       4       8       6       5      17       2       3      16      11      13      20      12      10       9
  149500      19       7      13      18      15       1       4       8       6       5      17       2       3      16      12      14      20      11      10       9
  149600      19       6      13      18      15       1       4       9       7       5      17       3       2      16      12      14      20      10      11       8
  149700      19       5      14      17      15       1       4       9       8       6      18       3       2      16      11      13      20      10      12       7
  149800      18       4      15      17      14       1       5       9       8       7      19       2       3      16      10      12      20      11      13       6
  149900      18       4      15      17      14       1       6      10       7       8      19       2       3      16       9      11      20      12      13       5
  150000      19       4      14      16      15       1       7      11       6       9      18       2       3      17       8      10      20      13      12       5
  150100      19       4      13      16      15       1       7      11       5       9      17       2       3      18       8      10      20      14      12       6
  150200      19       4      12      17      14       1       6      10       5       8      16       2       3      18       9      11      20      15      13       7
  150300      19       3      11      18      13       1       5       9       6       7      16       2       4      17      10      12      20      15      14       8
  150400      19       2      11      18      13       1       5       8       7       6      17       3       4      16      10      12      20      15      14       9
  150500      19       2      12      18      13       1       6       8       7       5      17       4       3      15      10      11      20      16      14       9
  150600      19       3      12      18      13       1       7       9       6       5      17       4       2      15      10      11      20      16      14       8
  150700      19       4      11      17      14       1       8      10       6       5      18       3       2      16       9      12      20      15      13       7
  150800      19       4      11      16      15       1       8      10       7       5      18       3       2      17       9      13      20      14      12       6
  150900      19       4      11      16      15       1       7       9       8       5      18       3       2      17      10      14      20      13      12       6
  151000      19       5      10      17      15       1       6       9       8       4      18       3       2      16      11      14      20      12      13       7
  151100      19       6      10      18      15       1       5       9       7       4      17       3       2      16      11      14      20      12      13       8
  151200      18       7      11      19      14       1       4       8       6       5      17       2       3      16      10      15      20      12      13       9
  151300      18       7      12      19      14       1       4       8       5       6      17       2       3      16      10      15      20      11      13       9
  151400      19       6      13      18      15       1       5       9       4       7      17       3       2      16      10      14      20      11      12       8
  151500      19       5      13      18      15       1       6       9       4       7      17       3       2      16      10      14      20      11      12       8
  151600      19       4      12      18      15       1       7       8       5       6      17       2       3      16      11      14      20      10      13       9
  151700      19       4      12      18      15       1       7       8       5       6      17       2       3      16      11      14      20      10      13       9
  151800      18       4      13      19      15       1       6       9       5       7      16       2       3      17      11      14      20      10      12       8
  151900      18       4      14      19      15       1       6      10       5       8      16       2       3      17      11      13      20       9      12       7
  152000      19       5      14      18      15       1       6      11       4       8      16       2       3      17      10      12      20       9      13       7
  152100      19       6      13      18      16       1       5      12       4       7      15       2       3      17       9      11      20      10      14       8
  152200      19       6      13      18      16       1       4      12       5       7      15       2       3      17       8      10      20      11      14       9
  152300      19       5      14      17      15       1       4      11       6       8      16       2       3      18       7       9      20      12      13      10
  152400      18       4      15      16      14       1       5      11       6       8      17       2       3      19       7       9      20      13      12      10
  152500      18       4      15      16      13       1       5      11       6       8      17       2       3      19       7      10      20      14      12       9
  152600      19       5      15      17      12       1       4      10       7       9      16       2       3      18       6      11      20      14      13       8
  152700      20       5      15      18      12       1       3       9       7      10      16       2       4      17       6      11      19      13      14       8
  152800      20       5      15      18      13       1       3       8       6      11      17       2       4      16       7      10      19      12      14       9
  152900      19       6      15      18      14       1       4       7       5      11      17       2       3      16       8       9      20      12      13      10
  153000      18       6      15      19      14       1       4       7       5      11      16       2       3      17       9       8      20      12      13      10
  153100      17       5      15      19      14       1       3       8       6      12      16       2       4      18      10       7      20      11      13       9
  153200      17       5      15      18      14       1       3       9       6      12      16       2       4      19      11       7      20      10      13       8
  153300      17       6      15      18      13       1       4       9       5      11      16       2       3      19      12       8      20      10      14       7
  153400      16       7      14      19      12       1       4       8       5      10      17       2       3      18      13       9      20      11      15       6
  153500      16       8      13      19      11       1       4       7       6       9      17       2       3      18      14      10      20      12      15       5
  153600      17       8      12      18      11       1       5       7       6       9      16       2       3      19      15      10      20      13      14       4
  153700      18       7      11      17      12       1       6       8       5       9      16       2       4      19      15      10      20      14      13       3
  153800      19       6      10      17      13       1       7       9       5       8      16       2       4      18      15      11      20      14      12       3
  153900      19       5       9      18      14       1       7      10       6       8      16       2       3      17      15      12      20      13      11       4
  154000      18       4       9      19      15       1       7      11       6       8      16       3       2      17      14      12      20      13      10       5
  154100      18       4      10      19      15       1       8      12       5       7      16       3       2      17      13      11      20      14       9       6
  154200      19       5      11      18      14       1       8      12       4       7      17       2       3      16      13      10      20      15       9       6
  154300      19       6      12      18      14       1       7      11       3       8      17       2       4      16      13       9      20      15      10       5
  154400      18       6      13      19      15       1       7      10       3       9      16       2       4      17      12       8      20      14      11       5
  154500      18       5      14      19      15       1       7       9       4      10      16       2       3      17      11       8      20      13      12       6
  154600      19       4      14      18      15       1       6       8       5      11      17       3       2      16      10       9      20      12      13       7
  154700      19       3      14      18      15       1       5       8       6      11      17       4       2      16       9      10      20      12      13       7
  154800      18       2      15      19      14       1       5       8       6      11      16       4       3      17       9      10      20      13      12       7
  154900      17       2      15      19      14       1       6       8       5      12      16       3       4      18      10       9      20      13      11       7
  155000      17       3      14      18      15       1       7       8       4      13      16       2       5      19      10       9      20      12      11       6
  155100      18       3      13      17      16       1       7       8       4      14      15       2       6      19       9      10      20      11      12       5
  155200      19       3      12      17      16       1       7       8       5      14      15       2       6      18       9      11      20      10      13       4
  155300      19       3      12      17      15       1       7       8       6      13      16       2       5      18       9      11      20      10      14       4
  155400      19       3      13      17      15       1       6       9       7      12      16       2       4      18       8      10      20      11      14       5
  155500      20       3      14      18      16       1       5       9       7      11      15       2       4      17       8      10      19      12      13       6
  155600      20       3      14      18      16       1       5       8       6      10      15       2       4      17       9      11      19      12      13       7
  155700      19       4      13      18      15       1       6       8       5       9      16       2       3      17      10      12      20      11      14       7
  155800      18       4      13      19      15       1       7       8       5       9      16       2       3      17      11      12      20      10      14       6
  155900      18       3      14      19      15       1       7       8       5      10      16       2       4      17      11      12      20       9      13       6
  156000      19       3      15      18      14       1       6       9       5      11      17       2       4      16      10      12      20       8      13       7
  156100      19       4      15      18      14       1       5      10       6      12      17       2       3      16       9      11      20       8      13       7
  156200      19       4      14      18      15       1       5      10       6      12      16       2       3      17       8      11      20       9      13       7
  156300      19       3      13      17      15       1       5      10       6      11      16       2       4      18       8      12      20       9      14       7
  156400      19       3      13      17      14       1       5      11       7      10      16       2       4      18       9      12      20       8      15       6
  156500      19       4      13      18      14       1       6      12       8       9      15       2       3      17      10      11      20       7      16       5
  156600      18       4      13      19      14       1       7      12       9       8      15       2       3      17      10      11      20       6      16       5
  156700      18       4      14      19      13       1       8      11      10       7      16       2       3      17       9      12      20       5      15       6
  156800      19       4      15      18      13       1       9      10      11       6      17       2       3      16       8      12      20       5      14       7
  156900      19       3      15      18      14       2       9      10      11       5      17       1       4      16       7      12      20       6      13       8
  157000      18       3      14      19      15       2       8      11      10       5      16       1       4      17       6      13      20       7      12       9
  157100      18       4      13      19      15       2       7      12       9       6      16       1       3      17       5      14      20       8      11      10
  157200      19       4      12      18      14       2       7      13       8       6      16       1       3      17       5      15      20       9      11      10
  157300      19       4      12      18      14       1       8      13       7       5      16       2       3      17       6      15      20      10      11       9
  157400      19       5      13      18      15       1       9      12       6       4      16       2       3      17       7      14      20      11      10       8
  157500      19       5      14      17      15       1       9      12       6       4      16       2       3      18       8      13      20      11      10       7
  157600      19       4      14      17      15       1       9      12       7       5      16       2       3      18       8      13      20      10      11       6
  157700      19       3      14      18      15       1      10      12       8       5      16       2       4      17       7      13      20       9      11       6
  157800      18       3      15      19      14       1      11      12       9       5      16       2       4      17       6      13      20       8      10       7
  157900      17       3      15      19      14       1      12      11      10       5      16       2       4      18       6      13      20       7       9       8
  158000      17       3      14      19      15       1      12      11      10       5      16       2       4      18       7      13      20       6       8       9
  158100      18       3      14      19      15       1      11      12       9       6      16       2       4      17       8      13      20       5       7      10
  158200      19       3      15      18      14       1      10      13       8       7      16       2       4      17       9      12      20       5       6      11
  158300      19       3      15      18      14       1      10      13       7       8      16       2       4      17       9      11      20       5       6      12
  158400      19       3      14      18      15       1      11      12       6       8      16       2       4      17       9      10      20       5       7      13
  158500      20       3      14      17      16       1      11      12       5       7      15       2       4      18      10       9      19       6       8      13
  158600      20       3      14      17      16       1      11      13       4       6      15       2       5      18      10       8      19       7       9      12
  158700      19       3      14      18      15       1      11      13       4       6      16       2       5      17       9       7      20       8      10      12
  158800      18       3      15      19      14       1      10      13       5       6      16       2       4      17       8       7      20       9      11      12
  158900      18       4      16      19      13       1      10      14       5       6      15       2       3      17       7       8      20       9      12      11
  159000      18       4      16      19      13       1      10      14       5       7      15       2       3      17       6       9      20       8      12      11
  159100      17       3      15      19      14       1       9      13       6       8      16       2       4      18       5      10      20       7      11      12
  159200      16       3      14      18      15       1       8      12       7       9      17       2       4      19       5      11      20       6      10      13
  159300      16       3      14      17      15       1       7      11       8      10      18       2       4      19       5      12      20       6       9      13
  159400      17       3      14      16      15       1       6      10       9      11      18       2       4      19       5      13      20       7       8      12
  159500      18       4      14      16      15       1       5       9      10      11      17       2       3      19       6      13      20       8       7      12
  159600      19       4      14      17      15       1       5       8      11      10      16       2       3      18       7      12      20       9       6      13
  159700      19       3      14      18      15       1       5       8      12       9      16       2       4      17       7      11      20      10       6      13
  159800      18       2      15      19      14       1       5       9      12       8      16       3       4      17       6      10      20      11       7      13
  159900      17       2      16      19      14       1       6       9      11       7      15       3       4      18       5      10      20      12       8      13
  160000      17       3      16      18      14       1       7       8      10       6      15       2       5      19       4      11      20      12       9      13
  160100      18       3      15      17      14       1       7       8       9       6      16       2       5      19       4      12      20      11      10      13
  160200      19       2      14      17      15       1       6       8       9       7      16       3       4      18       5      13      20      11      10      12
  160300      19       2      13      18      15       1       6       7      10       8      16       3       4      17       5      14      20      11       9      12
  160400      18       3      12      19      15       1       7       6      11       9      17       2       4      16       5      14      20      10       8      13
  160500      18       3      11      19      15       1       7       6      12      10      17       2       4      16       5      14      20       9       8      13
  160600      19       3      11      18      15       1       7       6      13      10      16       2       5      17       4      14      20       8       9      12
  160700      19       3      12      17      15       1       7       6      14       9      16       2       5      18       4      13      20       8      10      11
  160800      18       3      13      17      15       1       7       6      14       8      16       2       4      19       5      12      20       9      10      11
  160900      17       3      14      18      15       1       7       5      13       8      16       2       4      19       6      12      20      10       9      11
  161000      17       3      14      19      15       1       6       5      12       9      16       2       4      18       7      13      20      11       8      10
  161100      18       3      14      19      15       1       5       6      12      10      16       2       4      17       8      13      20      11       7       9
  161200      18       3      14      19      15       1       5       7      12      10      17       2       4      16       9      13      20      11       6       8
  161300      17       3      13      19      15       1       6       8      11      10      18       2       4      16       9      14      20      12       5       7
  161400      16       3      13      19      15       1       6       8      11      10      18       2       5      17       9      14      20      12       4       7
  161500      16       4      14      19      15       1       5       7      12      10      17       2       6      18       9      13      20      11       3       8
  161600      17       4      14      18      15       1       5       7      13      11      16       2       6      19       8      12      20      10       3       9
  161700      17       3      13      18      15       1       6       8      14      11      16       2       5      19       7      12      20       9       4      10
  161800      16       2      13      19      15       1       6       9      14      10      17       3       4      18       7      12      20       8       5      11
  161900      16       2      14      19      15       1       5      10      13       9      17       3       4      18       7      11      20       8       6      12
  162000      17       2      14      18      15       1       5      11      12       8      16       3       4      19       6      10      20       9       7      13
  162100      17       2      14      18      15       1       5      12      11       7      16       4       3      19       6       9      20      10       8      13
  162200      17       2      14      19      15       1       4      13      11       6      16       5       3      18       7       8      20      10       9      12
  162300      18       2      13      20      15       1       4      14      12       6      16       5       3      17       7       8      19       9      10      11
  162400      18       2      13      20      15       1       5      14      12       6      17       4       3      16       7       9      19       8      11      10
  162500      17       2      14      19      15       1       5      13      11       6      18       3       4      16       8      10      20       7      12       9
  162600      16       3      15      19      14       1       5      13      10       6      18       2       4      17       9      11      20       7      12       8
  162700      16       3      15      19      13       1       5      14      10       6      17       2       4      18       9      12      20       7      11       8
  162800      16       3      15      19      13       1       5      14      10       6      17       2       4      18       8      12      20       7      11       9
  162900      16       4      15      19      14       1       6      13       9       5      17       2       3      18       8      11      20       7      12      10
  163000      17       4      14      18      15       1       7      12       8       5      16       2       3      19       9      10      20       6      13      11
  163100      17       3      13      18      15       1       7      11       8       6      16       2       4      19      10       9      20       5      14      12
  163200      17       3      12      19      15       1       6      10       9       7      16       2       4      18      11       8      20       5      14      13
  163300      18       3      11      19      15       1       5       9      10       7      16       2       4      17      12       8      20       6      13      14
  163400      18       3      11      19      15       1       4       9      10       6      16       2       5      17      13       8      20       7      12      14
  163500      18       3      11      19      15       1       4       9      10       6      16       2       5      17      14       7      20       8      12      13
  163600      18       3      11      19      15       1       5       8      10       7      16       2       4      17      14       6      20       9      12      13
  163700      18       3      11      19      16       1       5       7       9       8      15       2       4      17      14       6      20      10      12      13
  163800      18       3      10      19      16       1       4       6       8       9      15       2       5      17      14       7      20      11      13      12
  163900      18       3      10      19      15       1       4       6       8       9      16       2       5      17      13       7      20      12      14      11
  164000      19       3      11      18      15       1       5       7       9       8      17       2       4      16      13       6      20      12      14      10
  164100      19       4      12      18      15       1       5       8      10       7      17       2       3      16      14       6      20      11      13       9
  164200      19       4      13      18      15       1       5       9      11       7      16       2       3      17      14       6      20      10      12       8
  164300      19       3      14      17      15       1       5      10      12       8      16       2       4      18      13       6      20       9      11       7
  164400      19       3      15      16      14       1       5      10      13       9      17       2       4      18      12       7      20       8      11       6
  164500      19       3      15      16      14       1       5       9      13      10      18       2       4      17      11       8      20       7      12       6
  164600      18       3      14      16      15       1       5       8      13      11      19       2       4      17      10       9      20       6      12       7
  164700      17       3      13      15      16       1       5       7      14      11      19       2       4      18       9      10      20       6      12       8
  164800      17       3      12      15      16       1       5       6      14      10      18       2       4      19       9      11      20       7      13       8
  164900      18       3      11      16      15       1       6       5      14       9      17       2       4      19      10      12      20       8      13       7
  165000      19       3      11      17      15       1       7       5      14       8      16       2       4      18      10      12      20       9      13       6
  165100      19       4      12      18      15       1       8       6      14       7      16       2       3      17       9      11      20      10      13       5
  165200      19       4      13      18      14       1       8       7      15       6      16       2       3      17       9      11      20      10      12       5
  165300      19       3      13      17      14       1       7       8      15       6      16       2       4      18      10      12      20       9      11       5
  165400      19       3      12      17      15       1       6       9      14       7      16       2       4      18      11      13      20       8      10       5
  165500      19       3      11      18      15       1       5       9      14       8      16       2       4      17      12      13      20       7      10       6
  165600      18       3      10      19      15       1       5       8      14       9      16       2       4      17      12      13      20       6      11       7
  165700      18       3      10      19      15       1       5       8      14       9      16       2       4      17      12      13      20       6      11       7
  165800      19       3      11      18      15       1       5       9      14       8      17       2       4      16      13      12      20       7      10       6
  165900      19       4      12      18      15       1       6       9      14       7      17       2       3      16      13      11      20       8      10       5
  166000      18       4      13      19      14       1       7       8      15       6      16       2       3      17      12      11      20       9      10       5
  166100      17       4      14      19      13       1       7       8      15       5      16       2       3      18      11      12      20      10       9       6
  166200      17       4      15      18      12       1       7       9      14       5      16       2       3      19      10      13      20      11       8       6
  166300      18       4      15      17      12       1       7      10      13       5      16       2       3      19       9      14      20      11       8       6
  166400      19       4      15      17      13       1       6      11      12       5      16       2       3      18       9      14      20      10       8       7
  166500      19       4      15      17      14       1       5      12      11       6      16       2       3      18      10      13      20       9       7       8
  166600      19       4      14      17      15       1       5      13      11       6      16       2       3      18      10      12      20       8       7       9
  166700      19       4      13      18      15       1       6      14      11       5      16       2       3      17       9      12      20       7       8      10
  166800      18       4      13      19      15       1       7      14      10       5      16       2       3      17       8      12      20       6       9      11
  166900      18       3      14      19      16       1       7      13       9       6      15       2       4      17       8      11      20       5      10      12
  167000      19       3      14      18      16       1       6      12       9       7      15       2       5      17       8      11      20       4      10      13
  167100      19       4      14      18      15       1       6      11      10       8      16       2       5      17       7      12      20       3       9      13
  167200      18       5      14      19      15       1       6      11      10       9      16       2       4      17       7      13      20       3       8      12
  167300      17       6      13      19      16       1       5      12      10       9      15       2       3      18       7      14      20       4       8      11
  167400      17       7      13      19      16       1       4      12      11       8      15       2       3      18       6      14      20       5       9      10
  167500      18       7      14      19      15       1       3      11      12       8      16       2       4      17       5      13      20       6      10       9
  167600      19       6      14      18      15       1       3      10      13       9      17       2       4      16       5      12      20       7      11       8
  167700      19       5      13      18      15       1       4       9      14      10      17       2       3      16       6      11      20       8      12       7
  167800      18       4      13      19      15       1       5       8      14      11      16       2       3      17       7      10      20       9      12       6
  167900      18       4      14      19      15       1       5       7      13      12      16       2       3      17       8       9      20      10      11       6
  168000      19       5      14      18      15       1       4       7      13      12      17       2       3      16       9       8      20      10      11       6
  168100      19       5      14      18      16       1       4       7      13      11      17       2       3      15      10       8      20       9      12       6
  168200      18       4      14      19      16       1       5       6      13      10      17       2       3      15      11       9      20       8      12       7
  168300      17       4      14      20      15       1       5       6      13       9      18       2       3      16      11      10      19       7      12       8
  168400      17       4      14      20      15       1       5       7      12       8      18       2       3      16      10      11      19       6      13       9
  168500      18       4      14      19      15       1       5       8      11       7      17       2       3      16      10      12      20       6      13       9
  168600      18       5      14      19      15       1       4       9      10       6      16       2       3      17      11      12      20       7      13       8
  168700      17       6      13      19      16       1       3      10       9       5      15       2       4      18      12      11      20       8      14       7
  168800      17       7      13      19      16       1       3      10       9       4      15       2       5      18      12      11      20       8      14       6
  168900      18       8      14      19      15       1       3       9      10       4      16       2       5      17      11      12      20       7      13       6
  169000      19       8      15      18      14       1       3       9      11       5      17       2       4      16      10      12      20       7      13       6
  169100      19       7      16      18      14       1       4      10      12       6      17       2       3      15       9      11      20       8      13       5
  169200      18       6      16      19      14       1       4      10      12       7      17       3       2      15       8      11      20       9      13       5
  169300      18       6      15      19      13       1       4       9      11       8      17       3       2      16       7      12      20      10      14       5
  169400      19       7      14      18      13       1       5       8      11       9      16       2       3      17       6      12      20      10      15       4
  169500      19       8      13      17      14       1       6       7      12      10      16       2       3      18       5      11      20       9      15       4
  169600      18       9      13      17      15       1       7       6      12      11      16       2       3      19       4      10      20       8      14       5
  169700      18       9      14      17      15       1       7       5      12      11      16       2       3      19       4      10      20       8      13       6
  169800      19       8      14      17      15       1       6       4      12      10      16       2       3      18       5      11      20       9      13       7
  169900      19       8      13      18      15       1       5       4      11       9      16       2       3      17       6      12      20      10      14       7
  170000      18       9      12      19      14       1       4       5      11       8      16       3       2      17       7      13      20      10      15       6
  170100      17      10      12      19      14       1       3       6      11       7      16       4       2      18       8      13      20       9      15       5
  170200      17      11      13      19      15       1       3       6      10       7      16       4       2      18       9      12      20       8      14       5
  170300      18      11      14      19      16       1       4       6      10       7      15       3       2      17       9      12      20       8      13       5
  170400      19      10      14      18      16       1       5       7      11       6      15       3       2      17       8      12      20       9      13       4
  170500      19      10      14      18      15       1       5       8      12       6      16       3       2      17       7      11      20       9      13       4
  170600      18      11      15      19      14       1       4       8      12       7      17       2       3      16       6      10      20       9      13       5
  170700      18      11      15      19      13       1       3       7      12       8      17       2       4      16       5       9      20      10      14       6
  170800      19      11      14      18      13       1       3       6      12       8      16       2       4      17       5       9      20      10      15       7
  170900      19      11      13      17      14       1       4       5      12       7      16       2       3      18       6       9      20      10      15       8
  171000      19      10      13      16      15       1       4       5      12       7      17       2       3      18       6       9      20      11      14       8
  171100      19       9      14      16      15       1       3       5      11       8      18       2       4      17       6      10      20      12      13       7
  171200      19       9      15      17      14       1       3       5      10       8      18       2       4      16       7      11      20      12      13       6
  171300      19       9      15      18      13       1       4       6      10       7      17       2       3      16       8      12      20      11      14       5
  171400      18       9      14      19      13       1       4       6      10       7      16       2       3      17       8      12      20      11      15       5
  171500      17      10      13      19      14       1       3       6       9       8      15       2       4      18       7      11      20      12      16       5
  171600      17      11      13      19      14       1       2       7       8       9      15       3       4      18       6      10      20      12      16       5
  171700      18      12      13      19      14       1       2       8       7      10      16       4       3      17       6       9      20      11      15       5
  171800      19      13      12      18      15       1       3       9       7      11      16       4       2      17       6       8      20      10      14       5
  171900      19      13      12      17      16       1       4      10       8      11      15       3       2      18       5       7      20       9      14       6
  172000      18      12      13      17      16       1       4      11       9      10      15       3       2      19       5       6      20       8      14       7
  172100      17      11      14      18      15       1       4      12      10       9      16       3       2      19       6       5      20       8      13       7
  172200      17      10      14      19      15       1       4      12      11       8      16       2       3      18       7       5      20       9      13       6
  172300      18       9      13      19      16       1       3      11      12       8      15       2       4      17       7       6      20      10      14       5
  172400      19       8      13      18      16       1       3      11      12       9      15       2       4      17       6       7      20      10      14       5
  172500      19       7      14      18      15       1       4      12      11      10      16       2       3      17       5       8      20       9      13       6
  172600      18       7      14      19      15       1       4      12      10      11      17       2       3      16       5       8      20       9      13       6
  172700      18       8      13      19      15       1       4      11       9      12      17       2       3      16       6       7      20      10      14       5
  172800      19       9      12      18      14       1       5      10       8      13      16       2       3      17       7       6      20      11      15       4
  172900      19      10      11      18      13       1       5       9       7      14      16       2       3      17       8       6      20      12      15       4
  173000      19      10      11      18      13       1       5       9       6      15      16       2       3      17       8       7      20      12      14       4
  173100      20       9      12      17      14       1       5      10       6      15      16       2       3      18       7       8      19      11      13       4
  173200      20       8      13      17      15       1       4      11       7      14      16       2       3      18       6       9      19      10      12       5
  173300      19       8      14      18      15       1       4      11       7      13      16       2       3      17       6      10      20       9      12       5
  173400      19       9      14      18      15       1       5      10       7      12      16       3       2      17       6      11      20       8      13       4
  173500      19      10      13      18      15       1       5       9       8      11      16       3       2      17       6      12      20       7      14       4
  173600      18      11      13      19      14       1       4       8       9      10      17       2       3      16       6      12      20       7      15       5
  173700      18      12      13      19      14       1       4       8       9      10      17       2       3      16       6      11      20       7      15       5
  173800      19      12      13      18      15       1       5       9       8      11      16       2       3      17       7      10      20       6      14       4
  173900      19      11      14      17      15       1       5      10       7      12      16       2       3      18       8       9      20       6      13       4
  174000      18      11      15      16      14       1       4      10       6      12      17       3       2      19       9       8      20       7      13       5
  174100      17      11      16      15      13       1       4       9       6      12      18       3       2      19      10       7      20       8      14       5
  174200      17      11      16      15      13       1       5       8       7      12      18       2       3      19      10       6      20       9      14       4
  174300      18      12      15      16      14       1       6       7       8      11      17       2       3      19       9       5      20      10      13       4
  174400      18      13      15      17      14       1       7       6       9      11      16       3       2      19       8       5      20      10      12       4
  174500      17      13      15      18      14       1       7       6       9      12      16       3       2      19       8       5      20      10      11       4
  174600      17      13      15      19      14       1       6       7       9      12      16       2       3      18       8       4      20      10      11       5
  174700      18      13      15      20      14       1       5       8      10      12      16       2       3      17       7       4      19       9      11       6
  174800      18      13      15      20      14       1       4       9      10      12      17       2       3      16       6       5      19       8      11       7
  174900      18      14      15      19      13       1       4      10       9      12      17       2       3      16       6       5      20       8      11       7
  175000      19      14      15      18      13       1       5      10       8      12      16       2       3      17       7       4      20       9      11       6
  175100      20      13      15      17      14       1       6       9       7      11      16       2       3      18       8       4      19      10      12       5
  175200      20      12      14      16      15       1       7       8       6      11      17       2       3      18       9       5      19      10      13       4
  175300      19      11      13      16      15       1       7       8       6      12      18       2       3      17      10       5      20       9      14       4
  175400      18      11      13      17      15       1       6       9       7      12      19       2       3      16      10       4      20       8      14       5
  175500      17      12      14      18      16       1       6      10       7      11      19       2       3      15       9       4      20       8      13       5
  175600      17      13      14      19      16       1       7      11       6      10      18       3       2      15       8       5      20       9      12       4
  175700      18      13      14      19      15       1       7      12       6      10      17       3       2      16       8       5      20       9      11       4
  175800      19      13      14      18      15       1       6      12       7      11      16       2       3      17       8       5      20       9      10       4
  175900      19      14      13      18      15       1       5      11       7      12      16       2       4      17       8       6      20      10       9       3
  176000      18      14      13      19      15       1       5      11       6      12      17       2       4      16       8       7      20      10       9       3
  176100      18      13      14      20      15       1       6      12       5      11      17       2       3      16       8       7      19       9      10       4
  176200      18      13      15      20      14       1       7      12       5      10      17       3       2      16       9       6      19       8      11       4
  176300      18      13      15      19      14       1       8      11       6       9      17       3       2      16      10       5      20       7      12       4
  176400      19      13      14      18      15       1       8      10       6       9      16       2       3      17      11       5      20       7      12       4
  176500      19      13      14      18      15       1       7       9       5      10      16       2       4      17      11       6      20       8      12       3
  176600      18      12      14      19      15       1       6       8       5      11      16       2       4      17      10       7      20       9      13       3
  176700      18      11      13      19      15       1       5       8       6      12      16       2       3      17      10       7      20       9      14       4
  176800      19      11      13      18      15       1       5       9       6      12      17       2       3      16      10       7      20       8      14       4
  176900      19      12      14      17      16       1       6      10       5      11      18       2       3      15       9       7      20       8      13       4
  177000      18      13      14      17      16       1       6      11       5      10      19       3       2      15       8       7      20       9      12       4
  177100      18      13      14      17      15       1       5      11       6      10      19       3       2      16       8       7      20       9      12       4
  177200      19      12      14      16      15       1       5      10       6      11      18       2       3      17       9       7      20       8      13       4
  177300      20      12      13      16      15       1       6      10       5      11      17       2       4      18       9       7      19       8      14       3
  177400      20      12      13      17      14       1       7      11       5      10      16       3       4      18       9       6      19       8      15       2
  177500      19      12      13      18      14       1       7      11       5       9      16       3       4      17      10       6      20       8      15       2
  177600      18      13      12      19      15       1       6      10       5       9      16       2       4      17      11       7      20       8      14       3
  177700      18      14      12      19      15       1       5       9       6      10      16       2       3      17      11       8      20       7      13       4
  177800      19      14      13      18      15       1       4       8       7      11      17       2       3      16      10       9      20       6      12       5
  177900      19      13      14      17      15       1       4       7       8      11      18       2       3      16       9      10      20       6      12       5
  178000      19      12      14      16      15       1       5       6       8      10      18       2       3      17       9      11      20       7      13       4
  178100      19      12      13      16      15       1       5       6       8      10      17       2       3      18       9      11      20       7      14       4
  178200      19      13      12      16      14       1       5       6       9      11      17       2       3      18       8      10      20       7      15       4
  178300      19      13      11      16      14       1       6       5       9      12      18       2       3      17       7      10      20       8      15       4
  178400      19      12      10      17      15       1       6       4       8      13      18       3       2      16       7      11      20       9      14       5
  178500      19      11      10      18      15       1       6       4       7      13      17       3       2      16       8      12      20       9      14       5
  178600      18      10      11      19      14       1       7       5       6      13      16       2       3      17       9      12      20       8      15       4
  178700      18      10      12      19      13       1       8       6       5      14      16       2       3      17       9      11      20       7      15       4
  178800      19      11      12      18      13       1       9       7       4      15      17       3       2      16       8      10      20       6      14       5
  178900      19      11      12      18      14       1      10       8       4      15      17       3       2      16       7       9      20       5      13       6
  179000      18      11      13      19      15       1      10       9       5      14      17       2       3      16       6       8      20       4      12       7
  179100      17      12      14      19      15       1      10       9       5      13      18       2       4      16       6       8      20       3      11       7
  179200      17      13      14      18      15       1      10       9       5      12      19       3       4      16       7       8      20       2      11       6
  179300      17      14      13      18      15       1       9      10       6      12      19       4       3      16       8       7      20       2      11       5
  179400      16      14      12      19      15       1       8      10       7      13      18       4       2      17       9       6      20       3      11       5
  179500      16      13      11      19      15       1       7       9       8      14      18       3       2      17      10       6      20       4      12       5
  179600      17      12      11      19      15       1       7       8       9      14      18       2       3      16      10       6      20       5      13       4
  179700      18      11      12      19      15       1       7       8      10      13      17       2       3      16       9       6      20       5      14       4
  179800      19      11      12      18      15       1       6       9      10      13      16       3       2      17       8       7      20       4      14       5
  179900      19      11      12      17      15       1       5      10       9      13      16       4       2      18       7       8      20       3      14       6
  180000      18      10      13      16      14       1       5      11       9      12      17       4       2      19       6       8      20       3      15       7
  180100      18      10      13      16      14       1       6      11       9      12      17       3       2      19       5       8      20       4      15       7
  180200      19      11      12      17      15       1       7      10       9      13      16       2       3      18       5       8      20       4      14       6
  180300      20      12      11      18      15       1       8      10       9      14      16       2       3      17       5       7      19       4      13       6
  180400      20      13      11      18      14       1       9      10       8      15      17       3       2      16       4       6      19       5      12       7
  180500      19      13      12      18      14       1      10       9       8      15      17       3       2      16       4       6      20       5      11       7
  180600      18      13      12      19      15       1      10       8       9      14      16       3       2      17       5       7      20       4      11       6
  180700      18      14      11      19      15       1       9       7      10      13      16       3       2      17       5       8      20       4      12       6
  180800      19      14      11      18      15       1       8       7      10      13      17       2       3      16       5       9      20       4      12       6
  180900      19      13      12      17      15       1       7       8       9      14      18       2       4      16       5      10      20       3      11       6
  181000      19      12      13      16      15       1       6       9       8      14      18       3       4      17       5      10      20       2      11       7
  181100      19      11      14      16      15       1       5      10       7      13      17       3       4      18       6       9      20       2      12       8
  181200      18      11      14      17      15       1       5      10       6      12      16       2       4      19       7       8      20       3      13       9
  181300      17      12      13      18      16       1       5       9       6      11      15       2       4      19       7       8      20       3      14      10
  181400      17      13      12      19      16       1       5       8       7      10      15       2       4      18       6       9      20       3      14      11
  181500      18      14      12      19      15       1       6       8       7       9      16       2       3      17       5      10      20       4      13      11
  181600      19      14      13      18      15       1       7       9       6       8      17       2       3      16       4      11      20       5      12      10
  181700      19      13      14      17      16       1       7      10       6       8      18       2       3      15       4      11      20       5      12       9
  181800      18      13      14      17      16       1       6      11       7       9      19       2       3      15       5      10      20       4      12       8
  181900      18      14      13      17      15       1       6      11       8      10      19       2       3      16       5       9      20       4      12       7
  182000      19      14      12      17      15       1       7      10       9      11      18       2       3      16       5       8      20       4      13       6
  182100      19      13      12      18      15       1       7       9      10      11      17       2       3      16       5       8      20       4      14       6
  182200      19      12      13      18      14       1       6       8      11      10      16       2       3      17       5       9      20       4      15       7
  182300      19      11      13      18      14       1       6       8      12      10      16       2       4      17       5       9      20       3      15       7
  182400      18      11      13      19      15       1       7       9      12      10      17       3       4      16       5       8      20       2      14       6
  182500      18      12      14      19      15       1       8      10      11       9      17       4       3      16       5       7      20       2      13       6
  182600      19      13      14      18      15       1       9      10      11       8      17       4       2      16       5       6      20       3      12       7
  182700      19      14      13      17      15       1      10       9      11       7      18       4       2      16       5       6      20       3      12       8
  182800      19      14      12      16      15       1      10       8      11       6      18       4       3      17       5       7      20       2      13       9
  182900      19      13      12      16      15       1       9       7      11       5      17       3       4      18       6       8      20       2      14      10
  183000      19      13      12      17      14       1       8       7      10       5      16       3       4      18       6       9      20       2      15      11
  183100      19      14      12      18      13       1       7       8       9       6      16       4       3      17       5      10      20       2      15      11
  183200      19      15      12      18      13       1       6       9       8       7      16       4       3      17       5      11      20       2      14      10
  183300      19      15      11      17      14       1       6      10       7       8      16       3       4      18       5      12      20       2      13       9
  183400      19      14      11      17      15       1       7      10       6       9      16       2       5      18       4      12      20       3      13       8
  183500      19      13      12      18      15       1       7       9       6      10      16       2       5      17       4      11      20       3      14       8
  183600      19      12      13      18      15       1       6       8       7      11      17       3       4      16       5      10      20       2      14       9
  183700      19      12      14      18      15       1       5       7       8      11      17       3       4      16       6      10      20       2      13       9
  183800      19      12      14      18      15       1       5       6       9      10      17       2       4      16       7      11      20       3      13       8
  183900      20      12      14      17      15       1       6       5      10       9      18       2       3      16       8      11      19       4      13       7
  184000      20      13      15      16      14       1       7       5      11       8      18       3       2      17       9      10      19       4      12       6
  184100      19      13      15      16      14       1       8       6      11       7      17       4       2      18       9      10      20       3      12       5
  184200      18      12      14      17      15       1       9       6      10       7      16       4       2      19       8      11      20       3      13       5
  184300      18      12      13      17      15       1      10       6       9       8      16       3       2      19       7      11      20       4      14       5
  184400      19      12      13      17      14       1      11       7       8       9      16       3       2      18       6      10      20       4      15       5
  184500      19      11      13      18      14       1      12       7       8      10      16       4       2      17       5       9      20       3      15       6
  184600      18      11      13      19      15       1      12       6       8      10      16       5       2      17       4       9      20       3      14       7
  184700      17      12      14      19      15       1      11       6       8       9      16       5       2      18       3      10      20       4      13       7
  184800      17      13      14      19      15       1      10       7       9       8      16       4       2      18       3      11      20       5      12       6
  184900      18      14      13      19      15       1       9       7      10       8      16       3       2      17       4      11      20       5      12       6
  185000      19      14      13      18      15       1       8       6      11       9      17       3       2      16       5      10      20       4      12       7
  185100      19      13      14      18      15       1       8       6      12      10      17       3       2      16       5       9      20       4      11       7
  185200      18      13      15      19      14       1       9       7      12      10      17       2       3      16       5       8      20       4      11       6
  185300      17      13      15      19      14       1       9       7      11      10      18       2       3      16       5       8      20       4      12       6
  185400      17      13      14      19      15       1       8       6      10      11      18       3       2      16       4       9      20       5      12       7
  185500      18      14      13      19      15       1       7       6       9      12      17       4       2      16       3      10      20       5      11       8
  185600      19      14      12      18      15       1       7       6       9      13      16       4       3      17       2      10      20       5      11       8
  185700      19      13      11      17      15       1       8       6      10      14      16       4       3      18       2       9      20       5      12       7
  185800      18      13      11      17      15       1       9       6      10      14      16       4       2      19       3       8      20       5      12       7
  185900      17      13      11      18      15       1      10       6       9      14      16       3       2      19       4       8      20       5      12       7
  186000      17      13      10      19      15       1      11       6       9      14      16       3       2      18       5       8      20       4      12       7
  186100      18      14       9      19      15       1      11       6      10      13      16       4       2      17       5       8      20       3      12       7
  186200      18      14       8      19      15       1      10       7      11      13      17       4       3      16       5       9      20       2      12       6
  186300      18      13       8      19      15       1       9       7      11      14      17       4       3      16       5      10      20       2      12       6
  186400      19      12       9      18      15       1       8       6      11      14      16       4       2      17       5      10      20       3      13       7
  186500      19      12      10      17      15       1       7       5      11      13      16       3       2      18       6       9      20       4      14       8
  186600      18      12      10      16      15       1       7       5      11      13      17       3       2      19       6       8      20       4      14       9
  186700      17      11       9      16      15       1       8       6      12      13      18       3       2      19       5       7      20       4      14      10
  186800      16      11       9      17      15       1       8       7      12      13      19       2       3      18       4       6      20       5      14      10
  186900      16      12       9      18      15       1       8       7      11      14      19       2       3      17       4       6      20       5      13      10
  187000      17      13       9      19      15       1       8       6      10      14      18       3       2      16       5       7      20       4      12      11
  187100      18      14       9      19      16       1       8       5      10      13      17       4       2      15       6       7      20       3      12      11
  187200      19      14       8      18      16       1       9       5      11      12      17       4       2      15       7       6      20       3      13      10
  187300      19      13       8      17      15       1      10       5      11      12      18       3       2      16       7       6      20       4      14       9
  187400      19      12       8      16      15       1      10       5      11      13      18       3       2      17       6       7      20       4      14       9
  187500      19      11       7      16      15       1       9       6      12      13      17       4       2      18       5       8      20       3      14      10
  187600      19      10       7      17      15       1       8       6      12      13      16       4       2      18       5       9      20       3      14      11
  187700      19      10       8      18      16       1       7       6      12      13      15       3       2      17       5       9      20       4      14      11
  187800      19      10       8      18      16       1       6       7      13      12      15       3       2      17       5       9      20       4      14      11
  187900      19       9       7      17      15       1       6       8      14      12      16       3       2      18       5      10      20       4      13      11
  188000      18       9       7      16      15       1       6       8      14      12      17       2       3      19       4      11      20       5      13      10
  188100      18      10       8      16      15       1       6       7      13      11      17       2       3      20       4      12      19       5      14       9
  188200      18      11       9      17      14       1       7       6      13      10      16       3       2      20       4      12      19       5      15       8
  188300      17      12      10      18      14       1       8       6      13       9      16       4       2      19       3      11      20       5      15       7
  188400      17      13      11      19      14       1       9       6      12       8      16       5       2      18       3      10      20       4      15       7
  188500      18      13      12      19      14       1      10       6      11       8      16       5       2      17       4       9      20       3      15       7
  188600      19      13      12      18      15       1      10       7      11       9      16       4       2      17       5       8      20       3      14       6
  188700      19      13      12      17      15       1       9       8      11      10      16       3       2      18       5       7      20       4      14       6
  188800      18      13      12      17      15       1       8       9      10      11      16       3       2      19       4       6      20       5      14       7
  188900      17      13      11      18      15       1       8      10       9      12      16       4       2      19       3       6      20       5      14       7
  189000      16      12      11      19      14       1       9      10       8      13      17       4       2      18       3       7      20       5      15       6
  189100      16      11      12      19      14       1      10       9       7      13      18       3       2      17       4       8      20       5      15       6
  189200      17      10      12      19      15       1      11       9       6      13      18       3       2      16       5       8      20       4      14       7
  189300      18      10      12      19      15       1      11       9       6      13      17       3       2      16       5       7      20       4      14       8
  189400      19      11      12      18      15       1      10       8       7      13      16       3       2      17       4       6      20       5      14       9
  189500      19      12      11      17      15       1       9       7       8      14      16       3       2      18       4       6      20       5      13      10
  189600      19      12      11      16      15       1       8       6       9      14      17       2       3      18       5       7      20       4      13      10
  189700      19      11      12      16      15       1       7       5      10      13      18       2       3      17       6       8      20       4      14       9
  189800      18      10      12      17      15       1       6       5      11      13      19       3       2      16       7       9      20       4      14       8
  189900      17      10      11      18      15       1       6       5      12      13      19       3       2      16       7       9      20       4      14       8
  190000      16      11      10      19      14       1       7       5      12      13      18       2       3      17       6       8      20       4      15       9
  190100      16      12       9      19      14       1       7       5      11      13      18       2       3      17       6       8      20       4      15      10
  190200      17      13       9      19      15       1       6       4      10      12      18       3       2      16       7       8      20       5      14      11
  190300      18      14      10      19      15       1       6       4       9      12      17       3       2      16       7       8      20       5      13      11
